target_id,tid,toi,catalog_disp,ground_truth,bin,st_tmag,catalog_period,catalog_depth_ppm,catalog_rade,spoc_sectors,pipeline_status,error_message,pipeline_disposition,planet_probability,rf_raw_probability,flags,bls_period,bls_depth,bls_snr,mcmc_period,mcmc_depth,mcmc_rp_rs,mcmc_a_rs,mcmc_inc,impact_parameter_b,bls_mcmc_depth_ratio,odd_even_diff,sec_eclipse_sigma,centroid_shift_px,elapsed_sec
TIC 467651916,467651916,4602.01,CP,PLANET,Shallow (<1500 ppm),7.7746,3.9813082,464.0,2.36323,5,SUCCESS,,CANDIDATE,1.0,1.0,[],13.62368863254462,0.0007019369849419908,125.66596437838678,13.623745751379365,0.0010278326655274105,0.032059829467203975,132.66075343917143,89.80224539431461,0.45787356630275544,1.464280537393755,0.0003037937311646255,0.45052278581869015,0.03191439763603123,34.39117407798767
TIC 286916251,286916251,1794.01,CP,PLANET,Shallow (<1500 ppm),9.69924,8.7655468,572.6986983,3.3302665,6,SUCCESS,,CANDIDATE,1.0,1.0,[],15.872797502513361,0.0005249390543527201,123.75840981262391,15.872218776088532,0.0005353121877560628,0.02313681455507786,21.296488120392084,88.7114845612336,0.47889287834359384,1.0197606432924549,6.45330991212445e-05,-0.14110409050836417,0.019149290126125543,36.24993395805359
TIC 4610830,4610830,6833.01,KP,PLANET,Shallow (<1500 ppm),11.5018,8.2616616,1343.0,3.30997,2,SUCCESS,,AMBIGUOUS,0.5,0.7733333333333333,"['BLS_MCMC_DEPTH_MISMATCH (BLS=0.03%, MCMC=0.10%, ratio=3.11x >= 1.5x)', 'NEAR_GRAZING_GEOMETRY (b=0.95, Rp/Rs=0.032, b+Rp/Rs=0.98)']",0.999998926407887,0.0003356542171469846,10.867619774466778,0.9654990192985724,0.0010429803187491774,0.03229520581679543,8.890505037864166,83.8817751932878,0.9475531193625187,3.107305868564289,0.0001603567532153516,0.5626113070938226,0.004040535091591202,19.27193808555603
TIC 240968774,240968774,1467.01,CP,PLANET,Shallow (<1500 ppm),10.5977,5.9711357,1437.1086027,1.8721145,4,SUCCESS,,CANDIDATE,1.0,1.0,[],12.454537905837416,0.0005262553083144836,75.77158908171104,12.454799694906747,0.0005787545774082617,0.024057318579751682,16.650305289335005,88.46276140316007,0.4466720146253555,1.099760075127651,4.4661580705152026e-05,0.20274411399736725,0.025520492347679447,30.806870937347412
TIC 139285832,139285832,332.01,CP,PLANET,Shallow (<1500 ppm),11.5273,0.77685,830.0,3.28324,4,SUCCESS,,CANDIDATE,1.0,1.0,[],0.7770441200083288,0.0012581130212564028,451.65700685739404,0.7773680134161134,0.0012086466749638709,0.03476559613991785,4.010735752553755,84.9263926703113,0.3546913097287135,1.0409270528080596,9.164050096455156e-05,0.8515485174509155,,43.87435817718506
TIC 68007716,68007716,2587.01,CP,PLANET,Medium (1500-6000 ppm),10.9657,5.4566563,4160.0,10.9408,1,SUCCESS,,CANDIDATE,1.0,1.0,[],5.456761378106014,0.002836498926676466,367.2261953209696,5.455503311261007,0.0030135358889159343,0.05489568187859528,9.294751790118468,86.0075298426871,0.6471505578096868,1.06241390066271,0.00011650978397215184,0.10566055698483325,0.013158284085793719,70.69976496696472
TIC 126606859,126606859,4479.01,CP,PLANET,Medium (1500-6000 ppm),12.9374,1.1589013,3470.6759302,2.6829722,3,SUCCESS,,CANDIDATE,0.9933333333333333,0.9933333333333333,[],12.044970889379643,0.0029697426773620896,129.36035039316693,12.045553977794945,0.003160077467914542,0.056214566332173116,9.547709214483401,86.77192121604538,0.5376391571148511,1.0640913409782424,0.0019973539992673706,0.9077767261061205,0.0013256525844560843,78.87264394760132
TIC 387342052,387342052,2844.01,CP,PLANET,Medium (1500-6000 ppm),11.5829,3.5524144,2060.0,8.52936,3,SUCCESS,,FALSE_POSITIVE,0.0,0.9933333333333333,"['FAILED_SECONDARY_ECLIPSE (3.54σ > 3.0σ)', 'FAILED_PLANETARY_RADIUS_CEILING (Rp=72.0 [-30.4/+32.3] R_earth > 25.0 R_earth, Eclipsing Binary Companion)', 'BLS_MCMC_DEPTH_MISMATCH (BLS=1.17%, MCMC=13.40%, ratio=11.45x >= 1.5x)', 'NEAR_GRAZING_GEOMETRY (b=1.22, Rp/Rs=0.366, b+Rp/Rs=1.59)']",12.871363597356906,0.011699005434095642,1071.1663045120604,12.871362547880011,0.13398374547329128,0.36603790076955145,21.039106917870583,86.67744747602697,1.2193632166950883,11.452575710650443,0.0014798036640238932,-3.538235188723597,0.05322669334448215,87.23545169830322
TIC 49735922,49735922,6834.01,KP,PLANET,Medium (1500-6000 ppm),12.1093,6.3392677,1739.0,3.91968,3,SUCCESS,,CANDIDATE,0.62,0.62,[],12.659520594193115,0.0026866017410563654,54.278708818846226,12.659760934617804,0.00353286699901058,0.05943792554047753,9.386219036224036,84.59854172729345,0.8835590762839503,1.31499468083478,0.004789338293966772,-0.5831585773291407,0.1287453182211254,63.75548481941223
TIC 101011575,101011575,560.01,CP,PLANET,Medium (1500-6000 ppm),8.5925,6.3980642,1656.0,2.62025,4,SUCCESS,,FALSE_POSITIVE,0.05,0.76,['FAILED_SECONDARY_ECLIPSE (3.18σ > 3.0σ)'],12.25608759601242,0.0006098430344818189,384.45264308868275,12.256735576185875,0.0005954530694341666,0.024401907086007982,11.770890983393826,88.33516439424565,0.34197703794853584,1.0241664134191575,0.00018384779420976827,3.179707021375779,0.037127907709677194,106.64787888526917
TIC 292152376,292152376,6031.01,KP,PLANET,Deep (>6000 ppm),10.7696,2.1499907,25640.8126075,20.6364944,1,SUCCESS,,CANDIDATE,0.9933333333333333,0.9933333333333333,[],2.149993549589324,0.02444739869173539,106627.1330943993,2.1499750289754007,0.02313760098694124,0.15211048940468486,6.1339087286854355,89.1321253961654,0.09290841465805706,1.05660905404728,0.0004558275964099412,-0.3197785953881621,0.0022640631070815795,147.0142478942871
TIC 49254857,49254857,4914.01,CP,PLANET,Deep (>6000 ppm),11.6629,10.5988743,12920.0,12.6054,1,SUCCESS,,CANDIDATE,1.0,1.0,[],10.60074916955262,0.013070714553322167,888.6540755672754,10.601569954752176,0.014078587637741438,0.1186532243039766,32.56776154024459,88.5976004508354,0.7970648830803247,1.0771092567516212,0.0001470261045553034,-0.5557816947099231,0.007384659584211786,50.53583097457886
TIC 48103627,48103627,657.01,CP,PLANET,Deep (>6000 ppm),12.4399,4.5696698,9861.079392,13.0582928,4,SUCCESS,,FALSE_POSITIVE,0.05,0.7333333333333333,['FAILED_SECONDARY_ECLIPSE (109.09σ > 3.0σ)'],9.139418600591531,0.009842311104941128,1911.3800789435436,9.13934759918668,0.010075811893602921,0.10037834374805614,19.102417682490334,89.29021166146016,0.23663743869761544,1.0237241828847057,8.838160595492361e-05,109.08934203879187,0.00227013976156381,97.53878474235535
TIC 8599009,8599009,4463.01,CP,PLANET,Deep (>6000 ppm),10.4673,2.88069,10380.0,22.4297,1,SUCCESS,,AMBIGUOUS,0.5,0.9933333333333333,"['NEAR_GRAZING_GEOMETRY (b=0.91, Rp/Rs=0.125, b+Rp/Rs=1.03)']",2.8812647674664316,0.010391037306894581,4317.688280765007,2.8809846431352124,0.015531670810032885,0.12462612410607074,7.990664550541423,83.47170247639099,0.9084898973275102,1.4947180297127247,9.913170818276473e-05,-1.2490019427811996,0.0022332165393971885,341.89316511154175
TIC 283419843,283419843,5818.01,KP,PLANET,Deep (>6000 ppm),12.5375,2.6052674,11139.9639243,17.8543699,2,SUCCESS,,FALSE_POSITIVE,0.0,0.9933333333333333,"['FAILED_PLANETARY_RADIUS_CEILING (Rp=37.7 [-10.7/+10.8] R_earth > 25.0 R_earth, Eclipsing Binary Companion)', 'BLS_MCMC_DEPTH_MISMATCH (BLS=0.83%, MCMC=4.26%, ratio=5.10x >= 1.5x)', 'NEAR_GRAZING_GEOMETRY (b=1.06, Rp/Rs=0.206, b+Rp/Rs=1.26)']",2.5963078041561007,0.008339408502625928,3880.863137007237,2.5962540823961606,0.04256019236309254,0.20630121755116362,2.1769670086206543,60.927376612003634,1.0578270762211306,5.1035025265510265,0.00043080392883954044,-1.2625096238841327,0.0021013560278338433,69.61203813552856
TIC 29336129,29336129,2933.01,FP,FALSE_POSITIVE,Shallow (<2500 ppm),12.5246,1.6363822,2383.8690387,10.6745489,2,SUCCESS,,CANDIDATE,0.9066666666666666,0.9066666666666666,[],11.470194623943717,0.0027910768213556215,51.51729551560056,11.463549251765606,0.0028470615781912754,0.05335786332108207,14.758596490854522,87.80358404709828,0.5656276631384375,1.020058479367996,0.0023753121022376256,-0.15270993779840691,0.0056464186179841416,73.12353324890137
TIC 284528889,284528889,3999.01,FP,FALSE_POSITIVE,Shallow (<2500 ppm),11.6437,4.112385,2110.0,9.65749,1,SUCCESS,,CANDIDATE,1.0,1.0,[],11.334970716040054,0.002459332501898773,152.45193845399052,11.341857826939052,0.0022607312297706684,0.04754714744094185,11.286582639800704,87.4634674479723,0.49950334557894926,1.0878482455202119,0.00027397134443107873,-0.862759922804832,0.003141875003613918,54.252800941467285
TIC 436099179,436099179,5424.01,FP,FALSE_POSITIVE,Shallow (<2500 ppm),12.5284,0.8999342,1720.0,6.8761,2,SUCCESS,,CANDIDATE,0.9866666666666667,0.9866666666666667,[],0.8997735418947495,0.001199236068375292,26.100481234097487,0.8997738463977082,0.001248716480471943,0.035337182689610246,4.774843770073092,82.20739377585191,0.6474101778655494,1.041259943226763,0.00010823376480972868,-0.4680539176304175,0.0037711684507792374,77.2796642780304
TIC 319968129,319968129,5070.01,FP,FALSE_POSITIVE,Shallow (<2500 ppm),10.3879,6.216994,2060.0,7.46488,2,SUCCESS,,FALSE_POSITIVE,0.037333333333333336,0.37333333333333335,['FAILED_SECONDARY_ECLIPSE (15.79σ > 3.0σ)'],12.432645121300963,0.002591065605652763,280.16308076926333,12.43363448119841,0.0027793914350892697,0.05271993394428022,21.091393615930425,87.79743090708354,0.8105974133733971,1.0726827715306197,0.0027758706224082497,15.785904213656952,0.06811462779537975,61.552223920822144
TIC 457138169,457138169,1770.01,FP,FALSE_POSITIVE,Shallow (<2500 ppm),9.22437,1.0924536,874.580104,6.5935026,2,SUCCESS,,CANDIDATE,1.0,1.0,[],1.0907887655811384,0.0005159532058061594,440.5853842639369,1.090776993606297,0.0005280974500584436,0.022980370973037914,5.698864373198653,86.46907356003513,0.35097762446142433,1.023537491608971,3.3412977314073444e-05,1.328111654360572,0.0017394328989853432,80.67751622200012
TIC 138497780,138497780,3808.01,FP,FALSE_POSITIVE,Medium (2500-10000 ppm),12.2337,3.6754815,9843.1330115,22.3487036,6,SUCCESS,,AMBIGUOUS,0.5,0.9933333333333333,"['AMBIGUOUS_PLANETARY_RADIUS (Rp=26.5 [-9.3/+9.4] R_earth spans 25.0 R_earth ceiling, boundary unresolved)', 'BLS_MCMC_DEPTH_MISMATCH (BLS=0.97%, MCMC=2.69%, ratio=2.78x >= 1.5x)', 'NEAR_GRAZING_GEOMETRY (b=1.00, Rp/Rs=0.164, b+Rp/Rs=1.17)']",3.675509330677261,0.009650413609517194,2904.9422256396133,3.67550284206038,0.026861634336401933,0.16389519314611375,7.032512693891714,81.81485337765507,1.0012352811637677,2.783469747857347,6.805075009164163e-06,1.3411530397527334,0.0060137905558808645,113.27893590927124
TIC 148659924,148659924,983.01,FP,FALSE_POSITIVE,Medium (2500-10000 ppm),10.3437,7.3816254,2546.0,,1,SUCCESS,,FALSE_POSITIVE,0.05,0.7266666666666667,['FAILED_SECONDARY_ECLIPSE (18.44σ > 3.0σ)'],14.746829220332316,0.0029997409287232596,235.00090918043915,14.75000295060899,0.0032043317103907865,0.05660681681441139,17.81231016676326,87.46808457752039,0.7868744694222531,1.0682028170194697,6.339843142966206e-05,18.44138943136818,0.004408820015791174,45.545268058776855
TIC 468845640,468845640,1396.01,FP,FALSE_POSITIVE,Medium (2500-10000 ppm),10.3217,3.99307,3892.81,6.35126,3,SUCCESS,,AMBIGUOUS,0.5,1.0,"['BLS_MCMC_DEPTH_MISMATCH (BLS=0.20%, MCMC=0.32%, ratio=1.59x >= 1.5x)', 'NEAR_GRAZING_GEOMETRY (b=0.94, Rp/Rs=0.056, b+Rp/Rs=0.99)']",3.990369266787273,0.0020020691184123016,1586.2840136704406,3.991286867800139,0.003191051227671271,0.05648939039918267,2.872781427094173,70.97916976011116,0.9362736018825255,1.593876654069699,0.00019915330148079224,-0.6594499423364406,0.003313780888665978,83.65108299255371
TIC 383531859,383531859,1977.01,FP,FALSE_POSITIVE,Medium (2500-10000 ppm),9.5918,17.0614756,2730.0,17.1048027,5,SUCCESS,,CANDIDATE,1.0,1.0,[],17.07050588971718,0.0015187251713178259,514.5627427174852,17.07024732479426,0.0016620666861894024,0.04076845209459641,23.233546042169582,87.8651974544534,0.8654661549087844,1.0943827873394607,0.00044751281878063764,-0.8741613705887088,,38.28960633277893
TIC 285233023,285233023,6298.01,FP,FALSE_POSITIVE,Medium (2500-10000 ppm),12.4487,2.8577028,2695.0,7.78724,1,SUCCESS,,FALSE_POSITIVE,0.05,1.0,['FAILED_SECONDARY_ECLIPSE (3.03σ > 3.0σ)'],16.310352327098737,0.007318673392402213,35.59492483211159,16.353705943317653,0.0077722394366138555,0.088160305328107,31.71125730202342,89.17476630829275,0.4567228751190122,1.0619738058925414,0.0005759532920830424,-3.0318562773003217,0.031128441767439462,45.183465003967285
TIC 131081852,131081852,758.01,FP,FALSE_POSITIVE,Deep (>10000 ppm),9.957501,13.2735914,21146.5262939,19.1149958,4,SUCCESS,,FALSE_POSITIVE,0.05,0.7466666666666667,['FAILED_SECONDARY_ECLIPSE (5.49σ > 3.0σ)'],15.583376623376624,0.007738418915991173,32467.061642262423,15.5820370593452,0.010820670340783708,0.10402245113812167,15.058166413550651,87.29869329329789,0.709679814089445,1.3983050618289958,0.00010928694336709288,5.489600186819533,0.07324454896252613,78.49848914146423
TIC 140706664,140706664,1020.01,FP,FALSE_POSITIVE,Deep (>10000 ppm),10.7173,3.28892,10518.9,,1,SUCCESS,,CANDIDATE,1.0,1.0,[],3.287668230239797,0.001663786230783007,205.56634116203765,3.2897106422887386,0.0015744226224363512,0.0396789947256272,7.737530955945414,85.75987344497685,0.5720870317410257,1.0567596063935931,0.0002954727382610267,0.6057080240254412,0.01123339238266478,133.97637915611267
TIC 219205407,219205407,946.01,FP,FALSE_POSITIVE,Deep (>10000 ppm),10.8732,6.1253092,39400.0,22.9909,5,SUCCESS,,FALSE_POSITIVE,0.0,0.8866666666666667,"['FAILED_PLANETARY_RADIUS_CEILING (Rp=37.7 [-7.2/+7.7] R_earth > 25.0 R_earth, Eclipsing Binary Companion)', 'BLS_MCMC_DEPTH_MISMATCH (BLS=2.97%, MCMC=10.92%, ratio=3.68x >= 1.5x)', 'NEAR_GRAZING_GEOMETRY (b=1.05, Rp/Rs=0.330, b+Rp/Rs=1.38)']",6.1260414964875025,0.029668269614260844,102158.01876670767,6.1253454456900736,0.10920294607231984,0.3304586904173044,17.89490022560452,86.64366130539503,1.0476688195975734,3.6807993014809512,0.0014760640796303015,2.3235728186661415,0.004144715019939473,91.78911924362183
TIC 423903685,423903685,6143.01,FP,FALSE_POSITIVE,Deep (>10000 ppm),12.266,4.0938735,16964.0,20.6029,2,SUCCESS,,CANDIDATE,1.0,1.0,[],4.094451648126664,0.007375692954938859,928.0531542886002,4.093956674187382,0.0068124095198781355,0.08253732198137997,8.152850432593743,88.99999151513737,0.1422880665338744,1.0826849051597827,0.000859413696500555,-0.7368831291431386,0.0043910317009231625,83.06055974960327
TIC 286355915,286355915,1637.01,FP,FALSE_POSITIVE,Deep (>10000 ppm),10.6479,4.076684,10459.727229,17.5223182,3,SUCCESS,,FALSE_POSITIVE,0.05,0.7333333333333333,['FAILED_SECONDARY_ECLIPSE (61.63σ > 3.0σ)'],4.076686842435963,0.010114886971086595,42678.56090339929,4.076681017335604,0.009926786550009522,0.09963326025986058,7.127741366243059,86.39709111732401,0.44791574124473044,1.0189487726092883,0.0004556553629673221,61.6326109456082,0.031903418890633174,95.91038370132446
