toi,tic,seed,status,n_points,load_s,runtime_s,n_hypotheses,beta,p_max,abstain,r_map,P_map
1050.01,66818296,tls,ok,13936,0.01896834373474121,17.55398201942444,24,2.6577038878443386,0.9999954554453817,False,1,3.735455033984813
1050.01,66818296,bls,ok,13936,0.01896834373474121,2.4782304763793945,24,2.521291532709821,0.999997312719047,False,1,3.7354550339881514
1181.01,229510866,tls,ok,52398,0.08391737937927246,8.530083179473877,24,1.2295646431993579,0.9922320704685367,False,1,2.1032070073697158
1181.01,229510866,bls,ok,52398,0.08391737937927246,8.35678482055664,24,1.258623837447888,0.9910503141087649,False,1,2.1032070073696256
1190.01,287196418,tls,ok,77910,0.059990882873535156,8.737235307693481,24,7.0104327543026,0.9999999997567939,False,2,7.39004236763396
1190.01,287196418,bls,ok,77910,0.059990882873535156,8.775919675827026,24,6.937242643364704,0.9999999998533546,False,2,7.3900423676440905
1453.01,198390247,tls,ok,187283,0.2911992073059082,11.201920509338379,24,1.0743612525595694,0.9910832571464007,False,1,6.588726285966375
1453.01,198390247,bls,ok,187283,0.2911992073059082,10.896669387817383,24,1.0744881599585723,0.9985402241847272,False,1,6.588724100010602
1839.01,381714186,tls,ok,13115,0.025638341903686523,2.262735366821289,24,1.1989230303998262,0.9997268812747511,False,1,1.424436178716846
1839.01,381714186,bls,ok,13115,0.025638341903686523,1.9783415794372559,24,1.1748444152144697,0.9365524414955368,False,1,1.4250134104262329
2068.01,417931300,tls,ok,66806,0.05209016799926758,4.375171661376953,24,1.6126149487140398,0.5460101643203042,True,2,15.537423924543669
2068.01,417931300,bls,ok,66806,0.05209016799926758,4.315237283706665,24,1.6150047380211359,0.5996705140756641,True,2,15.537473199746533
2140.01,399860444,tls,ok,16653,0.048003435134887695,1.5649185180664062,24,1.1800110602018463,0.9975363347095775,False,1,2.470615993864311
2140.01,399860444,bls,ok,16653,0.048003435134887695,1.6322658061981201,24,1.1746921438771676,0.9975422425261314,False,1,2.470615993864238
3160.01,440872576,tls,ok,16825,0.015063285827636719,2.021479368209839,24,1.2662851891180211,0.9890936004419666,False,1,3.9713216040510084
3160.01,440872576,bls,ok,16825,0.015063285827636719,1.9714789390563965,24,1.2225880992848916,0.9827171096764558,False,1,3.9714112612032384
4593.01,399954349,tls,ok,33431,0.05389881134033203,2.4560976028442383,24,1.8199727029391854,0.6407459285793482,True,4,31.33261665433834
4593.01,399954349,bls,ok,33431,0.05389881134033203,10.179003477096558,24,2.2866729335775267,0.4711633455592552,True,5,4.991232288774464
4930.01,307221757,tls,ok,18854,0.05107283592224121,2.265460729598999,24,1.0,0.9905571947311094,False,1,6.787504093821806
4930.01,307221757,bls,ok,18854,0.05107283592224121,2.528468132019043,24,1.0,0.996424015168616,False,1,6.788467424825151
560.02,101011575,tls,ok,12725,0.04910564422607422,1.7769794464111328,24,1.5709160774121043,0.9134921397398065,False,1,3.333088300560944
560.02,101011575,bls,ok,12725,0.04910564422607422,1.3026645183563232,24,1.840235746399365,0.8105413786441282,True,1,16.670022580029745
5823.01,248853232,tls,ok,14148,0.04570722579956055,1.5679574012756348,24,1.6349264894688387,0.9999999813434217,False,1,3.868109275942306
5823.01,248853232,bls,ok,14148,0.04570722579956055,1.7488219738006592,24,1.6270680156545356,0.9999999813464913,False,1,3.8681092759422886
6001.01,139104940,tls,ok,36219,0.07621002197265625,4.974937915802002,24,1.0093463749620148,0.5404760251985186,True,2,6.007527377472309
6001.01,139104940,bls,ok,36219,0.07621002197265625,12.732216119766235,24,1.0746930783895066,0.9985065737307941,False,3,1.5019820539239854
663.02,54962195,tls,ok,13362,0.02162623405456543,1.6529200077056885,24,1.0598543862919787,0.9999777898425093,False,1,4.699226339590716
663.02,54962195,bls,ok,13362,0.02162623405456543,1.6529319286346436,24,1.0668785071288145,0.9999743479562635,False,1,4.699336133711056
696.01,77156829,tls,ok,30270,0.07951903343200684,3.601707935333252,24,1.1053424433470884,0.6096158698107157,True,2,1.720527827982675
696.01,77156829,bls,ok,30270,0.07951903343200684,2.067676305770874,24,1.096289576466463,0.9871751759240746,False,2,30.30156855273252
7066.01,405010127,tls,ok,9366,0.013434886932373047,1.46842622756958,24,1.0761876021144703,0.7453675363287886,True,1,2.5643238797243413
7066.01,405010127,bls,ok,9366,0.013434886932373047,1.930527687072754,24,1.0534095959433196,0.870396986773418,True,1,0.5360253444466636
7396.01,273690178,tls,ok,33546,0.04904317855834961,2.656843423843384,24,1.2398024863309176,0.9703283853924498,False,3,46.334926010679446
7396.01,273690178,bls,ok,33546,0.04904317855834961,2.9277541637420654,24,1.0873540665341213,0.595679996074859,True,4,61.580507399305105
7457.01,272840455,tls,ok,36220,0.021025657653808594,3.190530300140381,24,1.0810796174569397,0.7062054399266262,True,2/3,1.4233449632218937
7457.01,272840455,bls,ok,36220,0.021025657653808594,13.971618413925171,24,1.1123989708014952,0.6224494284156492,True,2,1.0478746633445244
782.01,429358906,tls,ok,13364,0.04913783073425293,1.6189336776733398,24,1.063251848905956,0.8509401147623412,True,1,8.023669102869825
782.01,429358906,bls,ok,13364,0.04913783073425293,1.5732262134552002,24,1.0718853874516105,0.8513006337635296,True,1,8.023635643841608
7902.01,169556484,tls,ok,36779,0.021697998046875,4.390622138977051,24,1.0364364175079037,0.9999889980566095,False,1,5.3457486041586835
7902.01,169556484,bls,ok,36779,0.021697998046875,9.080414295196533,24,1.088221536263137,0.5097506087817216,True,1,0.5926412018457854
