tic,p07,p07_reason,window_sectors,span_d,n_binned,n_periods,peak_period,power_max,power_mean,power_std,sde,p08,n_tls_periods,sde_a6,peak_period_a6,p08_a6,sde_a6_cellmax,search_s,a6_s,engine
419635831,pass,,1;13,357.0554043202069,7480,6268189,0.634933287308154,1.691527117950526e-05,3.462632746710276e-06,1.6697413511068376e-06,8.056719936819857,pass,48297,7.498961647447429,15.3399830428678,pass,6.35740006247408,66.93454957008362,1.6165854930877686,gpu
33649266,pass,,3,20.275121669981218,2634,20021,0.500413886567532,1.6225583154638084e-06,3.9452773606919435e-07,1.977099925118762e-07,6.211272196173128,pass,1865,4.501188703008474,7.811290549106227,pass,5.34141832984243,0.45975160598754883,0.009057998657226562,gpu
458516874,pass,,51;52,44.27506837244573,3648,96382,0.5063752786182343,1.6658632394660715e-05,4.317186491478846e-06,2.2993570025072334e-06,5.367346562419267,pass,4897,7.448364101982599,1.0738182698161307,pass,7.331858462724536,1.5618977546691895,0.022129535675048828,gpu
21501907,pass,,21,27.34041116919002,3514,36656,0.5563578969955989,9.849510517502418e-06,2.3725646193318138e-06,1.4086141807808438e-06,5.30801549507749,pass,2102,4.6798279939110055,1.3457814476297056,pass,4.739521536642721,0.546104907989502,0.00964808464050293,gpu
145708,pass,,11,24.35356740501743,2872,29015,0.5893758159926117,4.188419900257621e-06,9.315704150579781e-07,4.772311349514403e-07,6.824469835839687,pass,2100,5.193136135545989,11.857207761181206,pass,5.582836034728766,0.5273191928863525,0.008901119232177734,gpu
219251046,pass,,3;4;5,77.779116716016,9092,297439,0.6008718495629317,5.949917944003195e-06,1.26273676488951e-06,6.085221761366107e-07,7.702564282655548,pass,6881,7.486851029410731,13.443846247890871,pass,6.76222152204955,3.6037585735321045,0.045319557189941406,gpu
408546125,pass,,42;43,50.576225339087614,5325,125767,0.578023222382448,1.4050087897918923e-05,2.9948184733666633e-06,1.4476496396342217e-06,7.636702363526026,pass,4614,5.220660129479873,1.8913425589944008,pass,5.067591700012224,1.542802095413208,0.022696733474731445,gpu
100105797,pass,,29;30,53.54699495805653,6108,140976,0.5018939522110842,2.087966886885023e-05,4.021966331377638e-06,1.8707478776356504e-06,9.011210296696015,exclude,7999,7.4562116038812345,18.926793920510598,pass,6.808673046837914,1.6411972045898438,0.03308248519897461,gpu
423669556,pass,,3,20.271924223081214,2603,20015,0.5897842020240913,2.39891236176304e-06,6.349618925874351e-07,3.010350486423437e-07,5.859618264155461,pass,1570,5.578806664197909,1.0573268517262828,pass,5.009483913443295,0.40526485443115234,0.0071866512298583984,gpu
149741603,pass,,34,24.99887797074598,3382,30590,0.599174713784896,8.776610972555101e-06,1.4696619418916548e-06,1.3065545039376718e-06,5.592532886031074,pass,1697,6.613704191467664,1.4723894236418504,pass,6.193145748109057,0.6787443161010742,0.0072324275970458984,gpu
166573547,pass,,11,23.652882559949376,2705,27351,0.7495854176964158,6.411838395117346e-07,1.569361815978024e-07,8.235751576256344e-08,5.8798235161684245,pass,938,3.5606897986151593,1.8224377201608075,pass,6.348664783856519,1.08638334274292,0.005524396896362305,gpu
10819194,pass,,3,20.270917590702084,2627,20013,0.5192847164719462,1.7545445646044543e-06,6.573499368114954e-07,2.4369954017224337e-07,4.502243323961454,pass,1176,4.2445681756040825,3.073596046941528,pass,4.216132339218996,0.4107387065887451,0.005942583084106445,gpu
452386765,pass,,10;11,52.749573503947204,5454,136808,0.526039997645832,1.918430818632698e-05,4.542113412696607e-06,2.2019382931229057e-06,6.649684425472267,pass,7175,5.305615908132534,1.3050171638191475,pass,4.9923905721561495,1.6148030757904053,0.03194284439086914,gpu
50439803,pass,,1;2;13,357.05601290788945,11429,6268210,0.5178809882785486,2.894694401068661e-06,3.6785236024422775e-07,2.0777095732961339e-07,12.161671069435288,exclude,32941,7.851667660099614,23.050207559205212,pass,9.32662137863637,80.62496256828308,0.6973683834075928,gpu
1128207,pass,,4,25.583683311749382,2998,32054,0.5796719807421918,1.192730856983695e-05,2.1419901602981063e-06,1.2921022841070162e-06,7.573176311116551,pass,2231,5.372139329456889,1.16577813768348,pass,7.500426654102382,0.6070346832275391,0.009376049041748047,gpu
467223244,pass,,15;16,50.640207531188935,6024,126086,0.587549406740684,8.340519269934475e-06,2.058829149603094e-06,9.54488059529415e-07,6.581213937268531,pass,4406,5.2468087460029915,5.953528083012362,pass,5.388692796190777,1.6350009441375732,0.021009206771850586,gpu
214723875,pass,,39,27.92321365461703,3770,38251,0.5367761530845828,1.189043807035092e-06,2.7323067649818e-07,1.5144070057644884e-07,6.047338179570822,pass,2304,4.915993707668045,13.961606827308504,pass,4.8443813884446545,0.7588539123535156,0.009899139404296875,gpu
85879267,pass,,19;25;26,219.03979833407402,9268,2358941,0.681472859346533,1.4359056188036436e-05,2.7382854422957755e-06,1.53466404133793e-06,7.572191979952563,pass,31401,6.3783862687284385,16.15860565102103,pass,6.569013673407681,27.42763924598694,0.304746150970459,gpu
150364128,pass,,15;22,215.13021620822428,5885,2275484,0.587324698101128,4.260005761561978e-06,9.429038786994701e-07,4.1908447771862975e-07,7.915115112160241,pass,14286,6.350558515735284,1.1714817094429455,pass,6.537261005868099,22.02763867378235,0.21832680702209473,gpu
255587561,pass,,6;7,47.81108658116386,6240,112391,23.941139470524696,8.73688112823e-06,1.7341278229712223e-06,8.25780769450462e-07,8.480160309277906,pass,3531,7.000657575460614,5.967102028692593,pass,6.739468280631235,1.3583629131317139,0.026137828826904297,gpu
139418956,pass,,22,26.319770241593005,3213,33945,0.5016365656725336,7.5197259109889325e-06,2.179923890749643e-06,9.254080012820419e-07,5.7702138006605015,pass,3227,5.4127015845835995,10.675893526296912,pass,5.43475334045696,0.8666234016418457,0.013646125793457031,gpu
310362891,pass,,49;50,51.123389602035786,5348,128503,0.5004633918585101,2.4459937038033545e-05,5.029090381204735e-06,2.247155909493792e-06,8.64686182865074,pass,5506,5.2016079950099545,0.9380347539903577,pass,4.836862560996134,1.487058162689209,0.02972888946533203,gpu
200280954,pass,,4;5,52.83912237025993,6527,137273,0.8093459166872234,2.4220567851547175e-05,2.1206568666967404e-06,2.519385328341792e-06,8.771945575866374,pass,2241,6.436931219658599,1.6167793640267694,pass,13.55689733617521,1.5959346294403076,0.014580249786376953,gpu
106991368,pass,,9;10,51.355387839114655,6137,129672,0.5087499464602325,3.4263126115902623e-06,5.151630997126777e-07,3.01878740343461e-07,9.64343997383002,exclude,2150,5.661881735341281,1.9056944382664383,pass,6.057403115037963,1.628638505935669,0.014241933822631836,gpu
162594819,pass,,23;25,79.83330971376404,6678,313358,0.510764481175805,3.426609883918575e-05,6.036539720528104e-06,2.6895152494834525e-06,10.49615135072367,exclude,11014,6.267853081757826,5.87334415924046,pass,6.9132755452328,3.390584707260132,0.06424498558044434,gpu
266075926,pass,,42;43,50.57624990812246,5329,125767,0.5181455259898267,1.1423319636592068e-05,1.8521789597464358e-06,1.052517460211798e-06,9.093569502324106,exclude,3465,4.649238029435422,2.102708261449581,pass,7.6711087774459745,1.5401601791381836,0.018709659576416016,gpu
418386461,pass,,11;12,53.83228392099568,6419,142482,0.5350823446422215,1.5603344923966375e-05,3.7811966910585387e-06,1.5129254357116174e-06,7.814098404226504,pass,4961,7.345187496858805,1.2919439213310802,pass,6.950368213136503,1.743558406829834,0.026502370834350586,gpu
121051065,pass,,4,25.478028879002295,2965,31787,0.539870925617347,8.382778375092947e-06,1.6313327989813958e-06,1.0054101367917779e-06,6.715115880624731,pass,2348,5.756255057457182,4.223705888475518,pass,5.974590244206667,0.5729138851165771,0.010301351547241211,gpu
399044025,pass,,23,24.369046560078232,2728,29052,0.62283671501655,5.883158657332845e-06,1.663543875609981e-06,7.874532905037276e-07,5.358558828325691,pass,1751,4.766056255684647,10.96395876040047,pass,4.38745892455866,1.2896785736083984,0.00843048095703125,gpu
95432896,pass,,45;46;48,109.7000385047404,9887,591678,0.529420101577224,2.278495163735973e-05,5.233441786777816e-06,2.535849306412288e-06,6.92135364913057,pass,12011,7.371946390424314,10.4250569294842,pass,6.90657806026465,7.220707893371582,0.08210420608520508,gpu
233171680,pass,,47;48;49,83.79040487594602,9075,345192,0.6078714009916968,1.7344762809407516e-05,4.119764179776696e-06,1.7810873152387468e-06,7.425238794571993,pass,7085,5.930784767988898,11.59861301439113,pass,7.052086290111806,4.1387341022491455,0.05335044860839844,gpu
231022348,pass,,2;3,52.10273886075515,6395,133474,0.7510048553306702,1.457553608242224e-06,3.556898491885997e-07,1.7136917171053072e-07,6.429766497995591,pass,2968,6.4440506239958,2.6068354784540544,pass,6.389951162843745,1.5552692413330078,0.01720118522644043,gpu
27229572,pass,,14;15,54.04998005696075,6795,143637,0.6868064395848678,1.0989288985602039e-05,1.7606628319572208e-06,1.2422833466307957e-06,7.428761062179439,pass,3932,6.464321497310035,1.4250257565065176,pass,7.18548315999647,1.6812493801116943,0.019795656204223633,gpu
52403906,pass,,2,27.401192151754458,3728,36821,0.5736173448661465,5.388218374534034e-06,1.4095155174720606e-06,6.317991654698742e-07,6.2974170820611635,pass,2895,5.641419798074664,8.260147307482942,pass,5.624406665520414,0.6291217803955078,0.012012481689453125,gpu
301021917,pass,,30;31,54.05462794030973,6727,143661,0.5265139780428059,8.692227516802833e-06,2.3988044051717008e-06,8.888750146986749e-07,7.080211511811453,pass,2931,6.516319573828064,4.913173983748193,pass,5.509757124648898,1.709397792816162,0.016690969467163086,gpu
382473126,pass,,2,27.40208182651554,3728,36824,0.5347541668353926,5.195233132261245e-07,1.822040876375937e-07,6.856899000842689e-08,4.919413652542868,pass,1799,4.9692050876247675,6.263958118633268,pass,4.458205833804815,0.6301727294921875,0.00919961929321289,gpu
374312797,pass,,45;46,51.85499506707765,6383,132207,0.729564087028864,1.3826257298312208e-05,3.6402430072392632e-06,1.4410303336768256e-06,7.068563411210831,pass,3390,4.348417966946532,1.3174180328363059,pass,4.546884962138707,1.6042933464050293,0.01872730255126953,gpu
267432303,pass,,94;95,49.95029381907716,6176,122673,0.5943292021765173,6.032832487556712e-05,1.369417503347311e-05,5.833061296073759e-06,7.994798524315785,pass,4795,5.60242718524042,7.7319050743189255,pass,5.607822450185378,1.585845708847046,0.022628068923950195,gpu
177171512,pass,,94;95;96,75.63808568399327,8770,281289,1.7761275534105783,6.617319927948554e-05,1.1286356360550923e-05,7.472248170538171e-06,7.345425588960533,pass,4900,5.397098833191428,7.8044500956464455,pass,5.57199532178833,3.3730978965759277,0.027724266052246094,gpu
136953571,pass,,15;16;22,215.13028623438163,9387,2275485,13.645622337994824,6.209379280669279e-06,6.086109755827533e-07,4.4116550318804604e-07,12.695390425164788,exclude,14137,11.02526735504223,13.660252041184991,exclude,10.315520267721118,26.656275987625122,0.2272171974182129,gpu
171557044,pass,,45;46,52.41465715890399,6735,135076,0.5798439411622707,9.065535755198466e-05,2.2592110164492573e-05,9.697744364580254e-06,7.018461698792991,pass,7142,5.826929666658037,1.3428048116248905,pass,5.624725147164935,1.6488666534423828,0.03988242149353027,gpu
91354281,pass,,17,22.326685931277552,2464,24338,0.6508927804534597,2.54957544381827e-05,8.104089295433883e-06,4.487230298200758e-06,3.8758129150898144,pass,3186,4.548590460669229,4.251528679500871,pass,4.464003111052701,0.6445481777191162,0.011563777923583984,gpu
150188411,pass,,95;96,49.81207120443605,6002,121995,0.5548240504980807,3.9612466702327256e-05,1.004724233291327e-05,4.305913992367857e-06,6.866190179789409,pass,2509,4.812892539192678,1.391584845684493,pass,4.874809938692781,1.4214465618133545,0.015952587127685547,gpu
64111053,pass,,4,25.604479264508655,3008,32107,0.5962620495881592,3.2067981687321275e-06,9.51602441050702e-07,5.192378718187116e-07,4.343280507991936,pass,2417,5.3460073676484985,3.018403802474137,pass,4.9557937875877265,0.6144313812255859,0.010533809661865234,gpu
365969362,pass,,23,24.632364390337898,2740,29690,0.5198603988588346,7.713777207632684e-06,1.6345919243619157e-06,8.025799575446501e-07,7.57455406919075,pass,2915,5.810586432107809,0.6285729590129231,pass,6.207315103161831,0.7296867370605469,0.011927366256713867,gpu
142942547,pass,,14;15;21,214.42809135643438,10718,2260655,28.83204541223467,3.1670645012084065e-06,5.544598721731412e-07,2.710463187004362e-07,9.638960018205408,exclude,14730,7.766093339790476,28.90038659348207,pass,7.2222429674574915,28.110390186309814,0.23017549514770508,gpu
258029388,pass,,42;43;44,76.74891796098609,8806,289612,0.5237531405833901,1.7422215024504523e-05,3.755911449224227e-06,1.8419020800973247e-06,7.419668897142555,pass,7503,6.517005865572517,8.86738233705235,pass,6.910261771305163,3.475257158279419,0.03904008865356445,gpu
141760986,pass,,19;20;26,219.04051907436792,10334,2358956,0.5132151534254451,3.0212650764085377e-06,5.797559342183666e-07,2.535341024735858e-07,9.629904294411586,exclude,11767,6.730371243120634,19.125243143153988,pass,6.394268599144442,28.936452627182007,0.23433399200439453,gpu
158703741,pass,,26,24.861751779200404,3446,30252,11.130358801349974,3.8091291057810598e-06,1.2360984785520163e-06,5.486396437305652e-07,4.689837230378213,pass,2124,5.468288442643696,3.6515782534913543,pass,5.412180856667613,0.680450439453125,0.01262211799621582,gpu
410324206,pass,,9,24.23506417557428,3212,28730,0.6023509257773191,4.379844714681766e-06,7.573406310605867e-07,5.511601261570364e-07,6.5725075376535065,pass,875,4.058672270678692,1.8198739685997376,pass,5.058467217139456,0.4836909770965576,0.006414890289306641,gpu
150029448,pass,,4;7;10;13,271.44982305215876,12672,3622847,0.5365980443244452,9.983487957161486e-06,2.166771403477349e-06,1.0018188354653725e-06,7.8025250444138985,pass,15669,7.355996417390151,5.145569873432164,pass,6.742967874801154,49.10587978363037,0.35497117042541504,gpu
286055732,pass,,8,23.971239199613365,2594,28101,0.651466947603954,1.0113480872607438e-05,2.6843423857714363e-06,1.2687560957274578e-06,5.855450477718815,pass,2721,5.141226732183835,0.6789165784881086,pass,7.042521824995736,1.0007541179656982,0.015206336975097656,gpu
308449735,pass,,4;7;9;10;11,212.98578581475113,15376,2230346,27.32230344856264,7.341604253678872e-06,1.3466628564651055e-06,5.484679100896458e-07,10.930341204891835,exclude,16522,9.457923581230848,27.324465137599628,exclude,8.496440694510015,33.988643646240234,0.23899531364440918,gpu
235951733,pass,,18;20;24;25;26,244.4712583707444,17213,2938506,0.539208949041285,5.000880504778412e-06,7.94650904281451e-07,3.729402392703341e-07,11.27856197209114,exclude,22261,6.080474974621915,0.8421444725063338,pass,6.791678637062897,47.802717447280884,0.30698156356811523,gpu
279360705,pass,,87;89;93;94;96,267.1876668914947,16037,3509972,0.6204406187962169,5.3194696449867374e-05,1.1069562261574773e-05,4.795100709802639e-06,8.785036381441595,pass,25232,6.07349819386355,7.325954471807427,pass,8.224999822228954,54.514984369277954,0.34253859519958496,gpu
116896152,pass,,74;75;81;82,246.38163036730566,14416,2984610,28.859683647554988,2.653084064961931e-06,3.0341158906501204e-07,1.881310119770068e-07,12.4895542271579,exclude,24880,9.228373423679361,20.59094262804871,exclude,9.784507255311087,43.689268350601196,0.3217005729675293,gpu
293805252,pass,,14;15;16;20,185.45968134505893,12790,1691103,26.635209967602467,9.133336219164623e-06,6.074209406596036e-07,4.562663994367633e-07,18.686265938122578,exclude,10433,15.036404975883755,26.635733129053712,exclude,14.242994051334508,23.156508445739746,0.15401887893676758,gpu
160553101,pass,,20;21,55.27139859119984,7336,150202,0.5936491633978589,9.270745993526214e-06,3.0506521166975e-06,1.1599654831513105e-06,5.362309454183422,pass,6088,6.031178452643346,4.877477095330419,pass,5.726945971760025,1.7879948616027832,0.030366897583007812,gpu
287065065,pass,,14;15;16;23,271.5138031758747,12327,3624555,25.923238863183098,4.3978220410079014e-05,3.4945858716433754e-06,2.165436262012693e-06,18.695371112335398,exclude,33590,19.674023936468686,13.719819448204353,exclude,18.7024887790196,48.62068009376526,0.4132251739501953,gpu
316494199,pass,,25;26,51.4979963211772,6963,130393,0.5781188818019757,2.332695154632745e-06,5.846705390770499e-07,2.5610616649656703e-07,6.825390577150069,pass,6634,5.8704811544470985,0.8316955942787616,pass,5.885552483871717,1.594733715057373,0.028142690658569336,gpu
435680679,pass,,18;19;25;26,244.4703546928322,13030,2938484,0.516972825841304,6.690354539727366e-05,1.1795827228343627e-05,5.045989039532929e-06,10.921093513518802,exclude,48024,6.750761017285281,1.1498314922708115,pass,6.555975154196223,40.51767945289612,0.44983482360839844,gpu
23793707,pass,,16;23,216.226194923928,5760,2298728,14.784385525865066,1.1615007310276497e-05,2.196321260472098e-06,1.3035828926143198e-06,7.22522986698248,pass,22238,7.983531667747666,20.655844444386066,pass,6.87889216654469,22.076706171035767,0.2549455165863037,gpu
354245891,pass,,18;19;24;25,218.63928196679603,13619,2350322,0.7424462169467744,0.0001965237886893517,7.726954980595115e-06,1.5404942358761053e-05,12.255601436988474,exclude,18653,12.302810006707873,2.273374278657732,exclude,11.933136241629896,33.336464166641235,0.22999811172485352,gpu
101277731,pass,,13,25.33157487905055,3509,31419,0.5378883967726619,1.1664193091497008e-06,3.066707290183084e-07,1.6194069404139737e-07,5.30903356454439,pass,2107,6.429350934956757,1.5581031814520494,pass,5.642790418846716,0.7986314296722412,0.009321451187133789,gpu
144705372,pass,,8;9,50.8257289104547,5936,127011,2.535213840379217,5.1069376615422905e-05,5.7570063029631225e-06,6.191448694479726e-06,7.318540869580351,pass,4425,6.192578304058063,7.7702187093187955,pass,6.073540912015376,1.5860896110534668,0.01976299285888672,gpu
91594813,pass,,97;104;105;106,323.7641639803069,14453,5153810,0.534203023585292,8.029932743180399e-05,1.525881634043355e-05,6.98051872905269e-06,9.317432359385267,exclude,53955,9.575699376312292,20.007798428559436,exclude,9.510326912925128,75.59872508049011,0.7181875705718994,gpu
72600876,pass,,36,23.812980154555135,3084,27727,0.5092865683857837,6.594260571987552e-07,1.7902248115088698e-07,8.228635604918152e-08,5.838192370078182,pass,2404,5.262861443120456,7.385160706045122,pass,5.1575245796770846,0.44600367546081543,0.010710954666137695,gpu
325562128,pass,,12;13,54.10145263121967,6939,143910,13.958254604056322,5.695369770872319e-06,9.880863356986614e-07,5.421388719484011e-07,8.682800069760873,pass,6297,8.107987321986053,13.950295474035526,pass,9.041774316422014,1.8017101287841797,0.02971363067626953,gpu
95571557,pass,,44;45;46;47,106.53406004660246,12862,558018,22.51832932798438,1.7454089852957268e-05,2.6695152062704563e-06,1.49148081588074e-06,9.912681738354319,exclude,10159,8.300423912081346,22.537428253139925,pass,8.332011370895595,7.739007949829102,0.1011495590209961,gpu
224603153,pass,,40;50;51;52;53,378.3190579025263,15238,7036995,0.5005882183018896,3.8057260056520506e-05,4.606628406260071e-06,3.6031394467574097e-06,9.283746062163601,exclude,41433,14.776799700482938,19.461339055233154,exclude,14.859963099580252,106.5713300704956,0.8273921012878418,gpu
468607863,pass,,19;25,193.2095487082995,6911,1835389,0.5288587710197163,4.3060955713957095e-05,1.0519302915286037e-05,4.445721484543379e-06,7.319768661129571,pass,33232,6.80736654944082,0.7383402970684512,pass,6.333348823201285,18.972820281982422,0.2942330837249756,gpu
230199859,pass,,16;22;24,243.6255728529511,10274,2918211,0.5292775738597073,3.5524288684530485e-06,6.689607486189422e-07,2.9074090025780973e-07,9.917655607715453,exclude,18966,7.088227074214951,27.93537609499196,pass,6.0026645052640895,35.65074968338013,0.2894573211669922,gpu
241445862,pass,,3,20.27533950065026,2625,20022,0.5000243267929889,5.11597599228075e-06,1.146631018703042e-06,6.555816453529375e-07,6.054692045932402,pass,1695,5.115881041034313,5.926340273108452,pass,5.283296103551994,0.4088742733001709,0.009903430938720703,gpu
258588345,pass,,11,24.789126565759034,3033,30074,0.8352355058672695,0.022009303777365232,0.0007350197269279908,0.0022235526611016276,9.567699664867483,exclude,1709,13.239424283078511,0.8349215740133373,exclude,12.663429432761935,0.49982166290283203,0.008340120315551758,gpu
270621612,pass,,2,27.402429005526983,3727,36825,0.5543011985736435,8.501626902191185e-07,2.1655036395822056e-07,1.0112611699507459e-07,6.265565662842157,pass,2147,5.3542982133058485,1.7540272965173296,pass,4.536609917871141,0.628180980682373,0.01111912727355957,gpu
382508413,pass,,4;7;8;9;10;11,212.9861063661251,17932,2230353,18.796625835793204,2.357740407630378e-05,3.3038899812809526e-06,1.8226998800449867e-06,11.122793344630303,exclude,26938,11.859686408961403,18.795745772788692,exclude,12.339341779625775,37.26526498794556,0.27895283699035645,gpu
231966104,pass,,5;6;7,78.09544122104148,9744,299863,26.825336410229756,2.934985422919967e-06,2.6926178088454403e-07,1.4172324823719985e-07,18.809360321560266,exclude,6597,11.63265486146094,26.83967927201208,exclude,14.693183126366154,3.749882936477661,0.037303924560546875,gpu
155875539,pass,,14;20,185.4710002371403,7301,1691309,0.5767006417246798,4.4609404393997705e-06,8.908695404832616e-07,4.00701612733771e-07,8.90954961363854,pass,15533,7.2936208938451,4.807099045424883,pass,7.828630751474692,17.807686805725098,0.19285893440246582,gpu
287953237,pass,,3;6;10;11;12;13,296.41609544486664,18922,4319907,0.55502457818229,3.1210799893256988e-06,4.816667709703539e-07,2.3796492151633138e-07,11.091606281870428,exclude,35147,9.432365025837436,14.473066591520993,exclude,8.406065464461943,74.56626081466675,0.5193486213684082,gpu
445918502,pass,,5,25.61828816061393,3492,32142,12.789972757033677,6.109643537553976e-07,1.8843351596428226e-07,8.090868724053806e-08,5.222317308584543,pass,2629,6.049427227328203,0.8098078872163953,pass,5.735439031544622,0.8530185222625732,0.011854171752929688,gpu
3816082,pass,,3,20.272009460796653,2605,20015,0.5006090811055923,2.7186194285364894e-06,7.700959743204541e-07,3.4630724932660077e-07,5.626574257411492,pass,955,5.352062081876341,2.613475570823261,pass,5.239881590769371,0.4029107093811035,0.005526542663574219,gpu
16370959,pass,,24,26.479789434122267,2993,34363,0.5671876828013863,1.3869426735512206e-06,2.803320586165944e-07,1.6001940555689418e-07,6.915477601503624,pass,1888,5.1673811541783925,1.1356148510347834,pass,7.494264403223465,0.7758433818817139,0.008876562118530273,gpu
47733476,pass,,14;15;25;26,351.77621670021836,12050,6084204,13.608187591852023,7.599629689738962e-05,7.569909803046088e-06,4.9046942720764864e-06,13.951203336752332,exclude,50487,13.657096200112335,13.609474830055026,exclude,13.922201192872391,80.49388432502747,0.7366833686828613,gpu
146713291,pass,,3;4,50.639246651046506,5678,126081,27.792648958243912,1.204053226647472e-05,2.001231440820706e-06,1.2748029790377812e-06,7.875178353624227,pass,6499,7.13100330557828,9.259628369846823,pass,7.8761385864551885,1.5981218814849854,0.027146339416503906,gpu
418342346,pass,,19;20;26,219.0398881378469,10412,2358943,1.4353524787007765,3.883791318745037e-06,4.24444425440663e-07,3.4271316204987014e-07,10.09400068737653,exclude,12012,8.861530433164612,1.4353010795180456,pass,8.745703042010204,28.986894607543945,0.2306196689605713,gpu
191288300,pass,,17,23.061212664104005,2652,25985,9.812338785680069,6.777977726470703e-07,2.416231411464701e-07,1.0779225725514199e-07,4.046437495674519,pass,1788,4.651063446059129,4.910556100023756,pass,4.456063493588789,0.8418054580688477,0.008511066436767578,gpu
318928983,pass,,4,25.575765027214402,2996,32034,0.5040377280579907,1.0136251740602418e-05,2.237464812469399e-06,1.1452502858805831e-06,6.896996250963292,pass,2856,5.793734038638483,10.066462448053404,pass,7.070538740642028,0.6053035259246826,0.011867284774780273,gpu
358049692,pass,,28;30,80.11788243357796,6409,315596,0.5449797458094846,3.784257759861642e-06,7.799993524700044e-07,4.2213037751120474e-07,7.116896976484225,pass,8426,6.628351148226661,11.71403770799321,pass,6.604942958744944,3.3785600662231445,0.05642867088317871,gpu
175290532,pass,,44;45;46,78.340033222898,9501,301745,0.5852204329519948,0.00022771229840245984,4.619594681888869e-05,2.6200758829274783e-05,6.927904369729866,pass,3903,7.794167710391688,29.70521955718118,pass,7.269191177179989,3.7108774185180664,0.027435779571533203,gpu
301867386,pass,,5;9;10;11,185.74215006905274,12692,1696258,13.36296852179262,5.269837521447113e-06,7.421639585566239e-07,3.738395713818505e-07,12.111274218923693,exclude,11937,11.815218685836834,13.396507908992545,exclude,9.66240456711062,23.134957313537598,0.18892145156860352,gpu
158014106,pass,,40;47;48;53,378.3191796588626,13980,7037000,0.554117745641376,1.1424779030944379e-05,1.878993874772913e-06,8.264469692311095e-07,11.550390420152972,exclude,31492,8.472721711626022,2.608036543166209,pass,8.459053443479641,101.0386745929718,0.7997238636016846,gpu
232966497,pass,,21;22,56.05468759206747,6713,154489,0.5568210816209967,1.3209775135055316e-05,2.251621560427828e-06,1.1357031917760872e-06,9.648782933761424,exclude,6558,6.2458684503759905,0.5562943294910138,pass,5.48660376501559,1.8903346061706543,0.030307292938232422,gpu
224296705,pass,,14;15;21;22,243.1383896790087,13754,2906551,0.5415931636251341,2.7158531178854575e-06,4.754000190298018e-07,2.1145503296501272e-07,10.595411551288828,exclude,29079,6.654687973328975,1.054875211563522,pass,6.947245502844524,41.4220712184906,0.35207033157348633,gpu
397354290,pass,,43;44,50.27118176782278,6370,124255,12.961058700049067,1.0411373046436622e-05,7.889196031014446e-07,9.717228390127204e-07,9.902467099684186,exclude,8869,7.587695327384538,24.72823166391335,pass,19.805947612963703,1.5470495223999023,0.03827786445617676,gpu
282924667,pass,,22;23,54.80461800451258,5966,147675,0.6807655881488656,5.787719353569957e-06,1.5616256165855382e-06,6.346853556873944e-07,6.658565065531343,pass,3850,6.79703961472399,3.997517924863466,pass,5.891127273015946,1.8040664196014404,0.020918846130371094,gpu
207236625,pass,,2;3;4,82.3695267569492,9272,333584,26.34667167546148,0.00029806270982032316,1.3732208024550707e-05,1.610942125030679e-05,17.64995137800854,exclude,12251,15.857509402855593,27.028167144820024,exclude,15.482877578073275,4.032346248626709,0.06530356407165527,gpu
141808431,pass,,87;88,51.320408638660865,5530,129495,28.112085507139472,3.070434995185943e-05,4.308731847607045e-06,3.0410741689185965e-06,8.679702183534262,pass,3220,5.595468804210057,10.307966803137049,pass,6.90243339737135,1.6336486339569092,0.017843008041381836,gpu
394287434,pass,,1;12;13,357.0554568760788,10796,6268190,0.5124830323516701,9.003906318022867e-06,1.8283115448485532e-06,8.102321603113745e-07,8.856220629920086,pass,47262,7.812948329854259,3.959639418785617,pass,6.912668950279644,78.1274254322052,0.763085126876831,gpu
115325744,pass,,24;25,53.505615557958436,7193,140758,0.6438376225503597,4.4137795724283336e-06,1.2286727317248174e-06,5.122726533752691e-07,6.217600763416592,pass,4412,6.012687641643269,3.2200466823524354,pass,5.426460366874582,1.6737728118896484,0.022777795791625977,gpu
39268506,pass,,25;26,51.4874425741732,5876,130340,0.9986450667322335,7.627348989726611e-06,1.8703975772250273e-06,8.647563723780514e-07,6.657310193239926,pass,7258,5.382744860719098,2.2112319488440444,pass,4.933580697324589,1.5372769832611084,0.03312325477600098,gpu
198009513,pass,,29;31;35;38,272.3047170735945,11391,3645702,18.94846702251401,5.2859776047320254e-05,5.444192398488243e-06,3.494703077926989e-06,13.567843273528776,exclude,37061,11.02640620444351,25.815199045446487,exclude,10.662027207930393,46.831295013427734,0.4296431541442871,gpu
202439632,pass,,15;16;22;23,243.50667871176825,12037,2915363,0.534385685800988,0.00023161916144145232,3.0402659542785652e-05,1.4301611907588299e-05,14.069498123627806,exclude,56473,7.416449751286125,0.5343762020322219,pass,7.02261702111896,38.578792095184326,0.4751269817352295,gpu
316937718,pass,,1;2,56.2143310882866,7480,155370,0.5517174368812214,2.0047206435980824e-06,5.265351158549732e-07,2.2742637617174128e-07,6.4996222189587005,pass,3753,6.3728067236563515,4.967055873682477,pass,6.315902507689747,1.9143917560577393,0.020812034606933594,gpu
392536314,pass,,15;16;17;18;19;20;21;22;23;24,270.90896130837336,31197,3608425,28.24439469682681,1.2974428232752578e-05,2.7520221281152874e-06,1.2962119794143e-06,7.8863691024182145,pass,24128,8.717167560014994,28.242115108905015,pass,7.787277762565848,88.53979682922363,0.3775746822357178,gpu
390022437,pass,,14;15;16;18;19;20;21;22;23;24,298.92154378870214,31513,4393244,0.5119705673988668,2.543795101055505e-05,3.858127588276615e-06,1.7010190919509967e-06,12.686408708985912,exclude,39282,8.135524894275026,0.5121031092544795,pass,7.252256036705049,108.35757875442505,0.5647728443145752,gpu
33864966,pass,,4;6;7;10;12;13,271.4498336575866,19243,3622847,26.973216694862103,6.756493017967771e-05,3.9254660000383455e-06,3.8472392876413345e-06,16.54159240473328,exclude,18214,9.06878967204076,29.294166340328708,exclude,9.399297117966174,63.32220125198364,0.3615565299987793,gpu
243313540,pass,,14;15;16;26,351.7767623807554,12674,6084223,0.5319013885697651,5.877185681010412e-06,1.0249910759850147e-06,4.855141536439791e-07,9.993930287320616,exclude,18066,6.4524958296548744,5.009050261416271,pass,6.78038369996442,82.60728430747986,0.5996620655059814,gpu
237197553,pass,,14;15;16;17;18;19;20;21;22;23,271.51461621486806,31049,3624577,0.576448514620434,5.207691394793245e-05,8.438958501198709e-06,3.875861702102591e-06,11.258904161379359,exclude,39987,8.250454369316161,9.807573241036362,pass,8.212068635440076,88.62967944145203,0.4498882293701172,gpu
356735189,pass,,14;16;17;18;19;20;21;22;23;24,298.9220176481874,32340,4393258,0.5498662092767752,1.2339946263588426e-05,1.9427767440878727e-06,8.964926795030251e-07,11.597606714718824,exclude,30677,6.797889030906524,6.139886386680583,pass,7.017898638554439,110.64432501792908,0.48160552978515625,gpu
352234671,pass,,56,27.874560344228485,3926,38117,0.500167368086063,8.785535072512724e-06,1.4648216622818307e-06,6.89102177992361e-07,10.623552854758277,exclude,1078,5.302586940303199,6.463819572333804,pass,7.144996369982939,0.8360517024993896,0.006384372711181641,gpu
298107954,pass,,15;16;21;22,215.12927004716903,13523,2275464,0.5059953324618922,5.1097129650246104e-06,1.2979335816314472e-06,5.10797077615774e-07,7.462414235385301,pass,24861,6.903130286910597,1.3343840539400262,pass,6.88118438839923,32.21030521392822,0.27630114555358887,gpu
167754778,pass,,87;88;89;93;94;95;96,267.03408760873344,22079,3505939,0.5175043962522916,9.36253402780886e-05,1.5179183789392268e-05,6.856607789572308e-06,11.440957233692016,exclude,20757,6.871528035900495,2.326768170922043,pass,6.701091965771888,66.99138951301575,0.35607004165649414,gpu
140939570,pass,,28;29;30;31;32;33;34;35;36;38,298.69400580637284,31937,4386558,0.5263011011446671,1.286536642451857e-05,2.513826304686233e-06,1.1609497933061375e-06,8.916440813821378,pass,52281,9.855382833159176,25.59744070731179,exclude,8.949755968664565,109.25720858573914,0.6296677589416504,gpu
149347103,pass,,4;5;6;7;8;9;10;11;12;13,271.44970365305403,28611,3622844,0.5238161108092066,1.1896401248313198e-05,2.673017945818444e-06,1.2079275126965113e-06,7.635709266945148,pass,23350,7.920496936310553,24.163893863332092,pass,6.928319960168084,83.423410654068,0.3574483394622803,gpu
219900265,pass,,15;16;17;18;19;20;21;22;23;24,270.90986533025284,31807,3608449,0.6560723344181579,1.3862793823457238e-05,3.1667271453179853e-06,1.3174711255945994e-06,8.118634610160369,pass,33185,8.512030090882892,4.373711907714698,pass,7.655400306525814,89.69051432609558,0.38674426078796387,gpu
229598107,pass,,14;15;16;17;18;19;20;21;22;23,271.51814102578146,31000,3624671,29.623427744771778,4.3812526012458505e-05,6.299713326334879e-06,3.2428664192781925e-06,11.567794610076275,exclude,38681,9.283256035113105,29.625693580788642,exclude,8.67378815970098,88.60864663124084,0.4224381446838379,gpu
150032410,pass,,4;5;7;8;9;12,241.98511816093037,18309,2879044,26.42413233358677,0.00012486256242604958,7.83750875343956e-06,6.30465802247388e-06,18.561681419588027,exclude,31571,18.947189757210573,26.449685590443156,exclude,18.137374852302777,48.76841187477112,0.3591325283050537,gpu
149390565,pass,,1;2;3;4;5;6;7;9;10;11,298.5905458627856,30603,4383520,0.5576156623812208,1.217157658461774e-05,2.092222090665242e-06,1.0322308873145435e-06,9.764631748401749,exclude,44055,10.21171045786972,13.37837907297998,exclude,9.35503389702653,106.21427798271179,0.55137038230896,gpu
140897732,pass,,4;5;6;7;8;9;11;12;13,271.4503894633158,28117,3622862,0.5979576868960733,4.184116775682871e-05,5.602603243157666e-06,2.6668043980209396e-06,13.588759843265601,exclude,34979,10.638270400291871,0.5979171477976692,exclude,9.850701983969792,82.42078471183777,0.4113755226135254,gpu
375056704,pass,,4;5;6;8;9;10;11;12;13,271.450094904897,27522,3622854,0.5475498308891534,2.9724165243600757e-05,3.915763584377577e-06,1.723256958088512e-06,14.97652543231314,exclude,32335,8.268687563787156,0.5475822842244864,pass,7.517574295058741,81.07788896560669,0.40993213653564453,gpu
32068848,pass,,27;28;29;30;31;33;34;36;37;39,353.4354053358329,32406,6141733,0.5023849054724691,1.818906634190468e-05,3.3228579032759907e-06,1.4653049921693582e-06,10.145470409282868,exclude,39903,8.33145160376827,1.3472485999535113,pass,7.806101191895571,154.85127544403076,0.700751781463623,gpu
160119847,pass,,19;20;25;26,219.04099889174813,13845,2358966,0.5403554492495489,1.015764569136687e-05,1.5294281976894001e-06,7.47282773162787e-07,11.546121232207115,exclude,33504,6.97410909599132,5.888693533711206,pass,6.42059388843944,33.75676703453064,0.30518031120300293,gpu
33831261,pass,,87;88;89;90;93;94;95;96,266.4849374037681,25216,3491534,0.6791093412256778,2.454506749225403e-05,4.8932092544854895e-06,2.0758409968022644e-06,9.466938107514643,exclude,33207,7.551559881124645,2.231355114874022,pass,7.262851099079892,73.08738017082214,0.44001173973083496,gpu
376929000,pass,,15;19;20;22;23;25;26,323.76366336529713,21917,5153794,29.425961733925458,0.0001455847987345955,1.663922492735185e-05,1.0826538477155107e-05,11.910138598715507,exclude,39209,13.18462459881776,29.42273968413981,exclude,12.433568893386568,97.96210408210754,0.5664126873016357,gpu
336007244,pass,,40;47;48;49;50;51;52,352.41713507478244,19347,6106395,0.7759746185899088,4.8749580992188174e-05,8.188521486750028e-06,3.961361459095859e-06,10.239171538437647,exclude,30236,8.050690504083649,27.354108508990155,pass,7.322500521621321,106.9015166759491,0.6507506370544434,gpu
232537437,pass,,14;15;16;21;22;23,271.518758757456,20442,3624687,0.5708904490098409,9.972736508688945e-07,1.755261033676403e-07,8.887234189150242e-08,9.246381157643672,exclude,18901,8.30277834319262,1.0892883086831917,pass,7.575322582506333,65.94381141662598,0.3540613651275635,gpu
382266780,pass,,87;88;89;90;93;94;95;96,266.8998831317317,25041,3502415,21.03245050391421,5.6272745989066126e-05,1.1050719063166277e-05,4.923291781462052e-06,9.185323343251135,exclude,27493,10.72394500859798,21.03141073994176,exclude,10.177955829289843,73.15298295021057,0.3806157112121582,gpu
441761798,pass,,14;25;26,351.7768878913746,10694,6084227,0.5653441394274461,2.0154087570634636e-05,5.162889237184068e-06,2.0952887507818768e-06,7.15471713760524,pass,38752,7.985059683892031,0.973467041080838,pass,7.486260106461881,75.52652525901794,0.6772568225860596,gpu
142347879,pass,,14;15;21;22,243.13827300999105,13612,2906548,0.5453739151599895,0.00023684716091978736,2.9955064007364693e-05,1.4993663371819589e-05,13.798635582367007,exclude,53162,8.99863649189194,0.5469080172235872,pass,8.86542693332355,41.13174748420715,0.45061182975769043,gpu
319257744,pass,,2;7,161.97183451619208,6965,1289882,0.554073712132204,1.1023695218130532e-05,2.4722022359813368e-06,1.0188082939245521e-06,8.393623248990233,pass,12548,6.980881057996389,2.784471372200355,pass,6.784092494020883,13.37905502319336,0.12517642974853516,gpu
334754252,pass,,16;17;18;19;21;24;25,270.6500567257549,21693,3601531,0.6136706637650794,2.7661544321597214e-05,6.174505397835798e-06,2.678715309195887e-06,8.021396992057182,pass,34007,9.769425177851463,1.8216784207462202,exclude,8.784238153257192,68.01386380195618,0.40383219718933105,gpu
375651470,pass,,17;18;24;25,244.61130455348166,13147,2941873,0.5330888305941249,2.492829714407418e-06,2.329365527200737e-07,1.5719714016983017e-07,14.376172233450536,exclude,15843,9.496229540236689,27.343279453154565,exclude,9.255515323185408,40.803271770477295,0.2904942035675049,gpu
198181100,pass,,14;15;16;17;18;19;20;21;22;24,298.9226097099099,31492,4393275,0.698634122223358,1.4812284593398033e-05,3.2008253936112685e-06,1.3740449242580924e-06,8.450567368498744,pass,37981,7.255486772034247,1.2699694807545783,pass,7.065359025257243,108.24225735664368,0.5206356048583984,gpu
335746280,pass,,15,24.228202275625108,3035,28714,0.7341871250459593,8.179971615564517e-05,2.2627177736860696e-05,1.0604489197461128e-05,5.5799517842831365,pass,3994,6.9220797218238825,0.7339568198021561,pass,6.4361467397098595,0.4540421962738037,0.016258716583251953,gpu
298732428,pass,,14;15;18;19;21;22;25;26,351.77621549227365,25514,6084204,0.5167210215761331,5.749430936990511e-06,1.103861851274654e-06,5.40875144866161e-07,8.588986071573688,pass,22567,6.5574402673922485,0.9593049925488246,pass,6.450691856536033,128.7785816192627,0.6170773506164551,gpu
5716636,pass,,2,27.402336818329104,3727,36824,0.5550555234794867,9.940795892824509e-07,3.2480625574431535e-07,1.4106445581441644e-07,4.744450539820091,pass,1473,4.4939445641098,0.9362418280273079,pass,5.375491733281734,0.6291465759277344,0.007810115814208984,gpu
55601337,pass,,61;62;64;65;66;67;68;69,242.06271252514125,24552,2880890,0.6719129977216091,5.586380324222187e-05,9.651414026294988e-06,4.7351498910676775e-06,9.759435346091433,exclude,31659,10.745914279727485,14.239389351208967,exclude,9.52775170083722,59.306408166885376,0.3579697608947754,gpu
298896336,pass,,26,24.861573726101824,3446,30252,0.6168421448806938,6.357801551005472e-06,1.5696645465530978e-06,8.040024662012414e-07,5.955376016538122,pass,1014,4.511351863566366,3.1014423569940752,pass,4.0830043586336044,0.6776223182678223,0.006288051605224609,gpu
31850397,pass,,1;3;7,190.7836293972323,9537,1789589,0.5086328872531188,1.1569991369123499e-05,2.2794127497196423e-06,1.0570496675783052e-06,8.789159965102225,pass,24206,7.268728558143691,2.3813166404986634,pass,7.491456792180912,21.08936381340027,0.24655413627624512,gpu
382045620,pass,,1;2;3;4;5;6;7;8;9;12,327.5903837457861,29992,5276344,26.864870217918273,5.331660351285339e-05,6.009115491551739e-06,2.842274530465935e-06,16.644235985728837,exclude,44995,14.723638290920563,26.867033814591192,exclude,15.151799112758901,125.90322041511536,0.649409294128418,gpu
260192532,pass,,1;2;4;5;6;7;8;9;10;11,298.59035610999695,30412,4383514,0.5422891656733614,1.5379577301207763e-05,2.587897727547422e-06,1.1973200274526649e-06,10.68359275746438,exclude,39870,7.247486185753013,1.2821781706560424,pass,7.571248331833165,105.70918226242065,0.5715491771697998,gpu
219899292,pass,,14;15;17;18;19;20;21;22;24;25,325.9479434446596,33333,5223569,26.268127092853867,1.1192256400349558e-05,2.3813724994073e-06,9.855105205060139e-07,8.94042602043282,pass,28720,10.962457948921667,26.267647052028067,exclude,9.729694361804246,134.50639867782593,0.5523316860198975,gpu
230125740,pass,,14;17;18;20;21;22;23;24;25;26,351.776383929556,33030,6084210,0.5205738939109708,5.8690120411533765e-06,1.0946709910123023e-06,4.882183170464164e-07,9.779110867909452,exclude,41648,7.559941335216883,1.0798033609642965,pass,8.003346570907684,155.4546983242035,0.7031762599945068,gpu
167422188,pass,,2;3;4;5;6;7;8;9;10;12,298.7775956104215,30184,4389014,0.5069240050387237,1.61754196387468e-05,3.233379607508439e-06,1.4714725808275282e-06,8.795298125065981,pass,53247,6.835954273769288,5.233231136810212,pass,6.609585975096441,105.18031120300293,0.6258981227874756,gpu
160536135,pass,,14;15;19;20;21;22;25;26,351.7762772035878,28202,6084206,0.5003451365806443,0.00021324363456172137,3.667052901394288e-05,1.7368624579245653e-05,10.166211189731833,exclude,73588,7.319886043379386,13.551746706477457,pass,7.153244608119849,138.69825673103333,0.8948760032653809,gpu
230072574,pass,,14;16;17;18;19;20;21;22;23;24,298.9224330186232,31805,4393270,0.884164499934512,1.7490854486172866e-05,3.2417386637340442e-06,1.498806450192286e-06,9.5069752472781,exclude,32545,8.270052932364047,0.8841357295006241,pass,7.7433407921271975,109.18056464195251,0.5633456707000732,gpu
376925418,pass,,14;15;16;17;18;19;20;21;22;23,271.51512305896017,32068,3624590,0.6641178883633777,1.0002019561181539e-05,1.95998328605046e-06,9.419838120995273e-07,8.537340208858472,pass,32114,9.513065559092873,24.428905540235093,exclude,9.025166298919636,90.71940016746521,0.3875861167907715,gpu
33839044,pass,,1;2;3;4;5;6;7;8;9;10,270.38055090929697,31354,3594362,0.6644022317145052,5.352485974514951e-05,1.0587792208135069e-05,4.725863516104901e-06,9.085549633562747,exclude,45428,7.563411659155637,4.814227546169005,pass,7.649823587362893,88.47621631622314,0.45540332794189453,gpu
349157265,pass,,1;2;3;4;5;6;7;8;9;10,270.3808481563842,30419,3594370,0.5045308936980718,1.3546140052147548e-05,2.774516358830085e-06,1.1710295753657811e-06,9.198421559893442,exclude,40318,7.482233685990492,4.040848542235425,pass,7.088596801611017,86.90189123153687,0.4380612373352051,gpu
220411010,pass,,1;2;3;4;5;6;7;8;9;10,270.3799578599512,31116,3594346,0.631383937589661,2.4522618663269655e-06,4.77577354510765e-07,2.2744832355240465e-07,8.681904007796426,pass,20510,6.04575138813141,2.057151940697821,pass,6.754302989540098,88.10103011131287,0.35472750663757324,gpu
38633112,pass,,1;2;3;4;5;8;9;11;12,327.5900262019984,27724,5276333,0.5938558690499288,7.860331328174526e-06,1.4465623311526244e-06,6.325008375085083e-07,10.140332813291531,exclude,19797,7.231357953669237,1.7348057175315872,pass,7.854728961079551,118.7401487827301,0.5390079021453857,gpu
299833015,pass,,1;2;3;4;5;6;7;8;9;10,270.3803166715654,31412,3594356,0.5190518112759477,0.0001380581328614133,2.385683032994408e-05,1.116506606055551e-05,10.228448440168675,exclude,59216,7.7052153710956475,0.5871716200840904,pass,7.536665324211391,88.45996880531311,0.5110750198364258,gpu
259128910,pass,,14;15;16;17;18;19;20;21;22;23,271.5140880501267,30658,3624563,0.5241194823376932,7.924336642798374e-06,1.5396045799557361e-06,6.537303078772691e-07,9.76661474297334,exclude,20949,7.288557770056163,8.365488817865694,pass,6.444123592828716,88.03757524490356,0.3364987373352051,gpu
307955457,pass,,14;15;16;17;18;19;20;21;22;23,271.5178687037196,32006,3624664,0.5305518371500556,1.4983992567392134e-05,2.463778358996271e-06,1.0397329862542147e-06,12.041759157321446,exclude,31782,8.650353544350354,8.06024129640739,pass,7.188851523655062,90.49838995933533,0.3968336582183838,gpu
199632719,pass,,14;15;16;17;18;19;20;21;22;23,271.51831995182124,32808,3624676,0.5024761822325631,8.539748203545219e-07,1.776800467058106e-07,7.411228413757744e-08,9.125272301596853,exclude,22861,6.792096917223406,6.394687134910985,pass,6.339097174549472,92.23238968849182,0.34463071823120117,gpu
278776583,pass,,27;28;29;30;31;32;33;34;35;36,269.70630124748027,29920,3576458,0.5091931492287961,1.2161465950473408e-05,2.898637974548794e-06,1.2050156975903625e-06,7.6868940333700575,pass,11172,8.434153869604165,1.6307115666501577,pass,8.392991341309903,85.0698914527893,0.30332374572753906,gpu
233681770,pass,,14;15;16;18;19;20;21;22;23;24,298.92181097390744,33396,4393252,0.5024240032234573,1.8682306482882135e-05,3.285959105032261e-06,1.4619001720837929e-06,10.531736483691576,exclude,20534,9.680527778244468,24.066761429833342,exclude,9.401382475517437,113.33386993408203,0.47515344619750977,gpu
441802995,pass,,14;15;16;17;18;19;20;21;22;23,271.51860006403626,32146,3624683,0.9977572806766968,1.8297172193798192e-05,2.636801042539632e-06,1.502486107336276e-06,10.422972348824231,exclude,23202,7.7332415991335255,0.997793248708977,pass,9.510310740371114,90.73134207725525,0.36794590950012207,gpu
280035517,pass,,14;15;16;17;18;19;20;21;22;23,271.51395273534854,31303,3624559,27.246995374659985,4.4113538122730494e-05,4.016951105282145e-06,3.3959112887417326e-06,11.807312856015479,exclude,40706,9.272491522114683,18.679957183369364,exclude,9.063160749859067,89.018150806427,0.42060351371765137,gpu
167749605,pass,,1;3;4;5;6;7;8;9;10;11,298.5901062788887,30500,4383507,0.6344994966216667,7.72008850209188e-06,1.3662060641229247e-06,6.561696696933442e-07,9.68329188537226,exclude,26399,8.557506037748366,11.194248505752702,pass,7.323248205468121,105.94589257240295,0.4443995952606201,gpu
259167310,pass,,14;15;16;17;19;21;22;23;26,351.77672913982224,27732,6084222,0.5442258583915394,6.14120502284663e-06,1.2675206204308537e-06,6.369613825535881e-07,7.6514597837581615,pass,30537,6.685634695189869,9.938064018712963,pass,6.8262297765389075,136.90427899360657,0.634498119354248,gpu
140635285,pass,,1;2;3;4;5;6;7;8;9;10,270.379511491245,31583,3594334,0.5085304754561958,3.579561673081815e-06,6.653177983668328e-07,2.9270104109752445e-07,9.956383700541712,exclude,24584,10.58651889940657,22.517858172674323,exclude,9.142908949057242,88.78217768669128,0.3646063804626465,gpu
237293455,pass,,16;17;18;19;23;24;25;26,296.473423356126,24016,4321578,0.5856527721965417,0.00012144303388216247,1.9931222164295752e-05,9.204692160703082e-06,11.028267968726173,exclude,51675,7.992251645036343,6.743087814069232,pass,8.543313421972124,87.48087763786316,0.5780277252197266,gpu
233727455,pass,,14;16;17;18;19;20;21;23;24;25,325.9455049207693,33101,5223491,0.5645304779693173,2.639600387390443e-05,5.451472054465302e-06,2.340850804793165e-06,8.947401421975615,pass,22184,7.073117451412846,3.7376027944791512,pass,6.526808735343492,133.80738019943237,0.5530848503112793,gpu
150168739,pass,,2;3;5;6;7;8;9;10;12;13,328.24396863996867,31414,5297419,0.5300310638475987,1.436211772106263e-05,2.9830082143803076e-06,1.245373552627739e-06,9.137105475439393,exclude,43549,8.712278708812013,5.541933270484614,pass,8.97416906420546,130.37367415428162,0.6297991275787354,gpu
272751211,pass,,14;15;16;17;18;20;21;22;23;24,298.92278880831736,30903,4393280,0.5393722234461288,1.0399990666795474e-05,2.0542569661969423e-06,8.606108094241456e-07,9.697453958523777,exclude,33844,8.070489961960746,1.0190375224935877,pass,7.337954324914067,107.216059923172,0.5452859401702881,gpu
356975793,pass,,14;15;16;17;18;19;20;21;22;23,271.5136396942553,30964,3624551,0.536670989856505,1.3468998197064474e-05,2.858343757273702e-06,1.1979618692415457e-06,8.857255570670706,pass,33731,7.2275063206020995,22.006266204843936,pass,7.37503865634947,88.5012903213501,0.41266679763793945,gpu
389920950,pass,,1;2;4;5;6;7;8;9;10;11,298.5900783959505,31966,4383506,0.8685920832977003,6.434954344285013e-05,2.581780309623125e-06,4.239800187881866e-06,14.568555213939257,exclude,22771,18.56053085497473,0.8685756161027284,exclude,18.06407009633121,109.33269238471985,0.48584485054016113,gpu
219857804,pass,,14;15;16;17;18;19;20;21;22;23,271.51799037431624,32886,3624667,0.5916250606334215,6.493977576420772e-06,1.1707291553745873e-06,5.246801110904336e-07,10.145702702515196,exclude,15667,9.25198162593917,2.3253969223183835,exclude,8.333596082672981,92.38899636268616,0.3309288024902344,gpu
229949098,pass,,14;15;16;17;18;19;20;21;22;23,271.51478076306626,32296,3624581,0.5672070078761393,1.22606721390238e-06,2.1905763022195896e-07,9.876481031525957e-08,10.19603622450165,exclude,16122,7.854919348939433,13.186718165004196,pass,6.745112039583504,91.1086323261261,0.3174474239349365,gpu
381950507,pass,,1;2;3;4;5;6;7;8;9;10,270.3804021932119,31000,3594358,26.886101273935985,9.78049615263698e-05,4.127301625866874e-06,4.484058234919206e-06,20.89126746191574,exclude,19912,12.72869944158544,26.88144960822997,exclude,13.21460365508816,87.87802076339722,0.3569772243499756,gpu
229483903,pass,,14;15;16;17;18;20;21;23;24,298.9221623195747,28712,4393262,0.5420540126587795,0.00013724460290964153,2.078792843219463e-05,9.575401479957024e-06,12.162067013191136,exclude,59280,6.760110105155593,0.5419833349143883,pass,6.080078271427903,101.50660181045532,0.6587073802947998,gpu
199708739,pass,,16;19;20;23;24;25;26,296.4777948840049,23251,4321706,0.5206718969868386,4.476252702732958e-06,6.570962665692056e-07,3.1433323080341896e-07,12.150024438721266,exclude,22495,7.134375376723617,1.6028637843598215,pass,8.025908636699596,85.63034176826477,0.43720149993896484,gpu
235048515,pass,,3;4;5;6;7;10;13,296.4157761361628,21935,4319898,26.953740503634396,7.836712743673906e-06,9.025160890382976e-07,5.365954060694247e-07,12.922579239782875,exclude,53848,11.657091186276308,26.953830461748158,exclude,10.992892060939708,82.1631019115448,0.6475515365600586,gpu
353896700,pass,,14;15;16;17;18;19;20;21;22;23,271.5139752736054,30768,3624560,0.5020539855290553,3.779412610986414e-05,7.802596088195521e-06,3.6906561695178893e-06,8.126340857589671,pass,36896,8.33576316510998,1.7489157199346752,pass,7.697833470374977,88.22006726264954,0.42987680435180664,gpu
233010606,pass,,14;15;16;18;19;20;21;22;23;24,298.9227329488622,34140,4393279,0.5304160493158643,5.229169373474528e-06,1.3735651488301254e-06,5.51399704510959e-07,6.992394433841727,pass,34441,7.0970338603164755,2.4502539893065665,pass,8.36253922132101,115.31651449203491,0.545933723449707,gpu
233612454,pass,,14;15;16;17;18;19;20;21;22;23,271.51412652722047,30983,3624564,0.5234659559127935,5.380230880634303e-06,9.57894240753999e-07,4.69845149664986e-07,9.412327961741365,exclude,14544,6.668201214413017,1.124799052601595,pass,6.748389231794621,88.56512022018433,0.34890055656433105,gpu
441792823,pass,,14;15;16;17;18;19;20;21;22;24,298.92238142177735,31688,4393268,10.584453046207624,1.4573517705714553e-05,2.853119212378251e-06,1.2983296000588524e-06,9.027290522225654,exclude,32847,13.00667810427203,10.584441251873914,exclude,11.46890251310806,108.71424794197083,0.5472447872161865,gpu
229701055,pass,,40;47;48;49;50;51;52;53,378.3200361959357,23997,7037032,2.3498889758378954,0.00017632165101661186,1.5071516123096112e-05,1.1479416667953932e-05,14.046892760993982,exclude,20354,12.06479371617703,26.196051344634746,exclude,11.010001802174731,142.33930468559265,0.6891179084777832,gpu
224607994,pass,,14;15;16;17;18;19;20;22;23;24,298.9221057405464,31416,4393260,0.5226907323734811,1.7509829524741775e-05,2.367061532998595e-06,1.127279252077756e-06,13.433022885707011,exclude,26684,6.538486009721546,8.180838337326556,pass,7.622905936716291,107.99878907203674,0.4943816661834717,gpu
38696814,pass,,1;2;4;5;6;7;8;9;10;11,298.58967946881467,31613,4383494,0.5957313838179791,4.533869264354187e-06,8.627604193956268e-07,3.6505323511709313e-07,10.05636573466067,exclude,22544,7.767228429156294,16.34014299351762,pass,7.816097460630178,108.4217300415039,0.47521519660949707,gpu
362219539,pass,,14;18;19;20;24;25;26,351.7767604944429,24194,6084223,0.5218724674166171,9.542756174801316e-05,1.3887398609481363e-05,6.952392175697651e-06,11.728360696273509,exclude,77821,8.532359209989192,24.406072366377348,pass,8.327620517082051,123.7552342414856,0.8888750076293945,gpu
280867290,pass,,11;12;13,83.31911356139176,10089,341320,1.0119068045480475,3.666624473981175e-06,3.643457843190605e-07,3.516265720889122e-07,9.39143668820086,exclude,5490,10.948327514292933,1.0119186958924804,exclude,10.63069515984917,4.346957683563232,0.034876108169555664,gpu
140688941,pass,,1;2;3;4;5;6;8;9;10;11,298.5896530884313,31330,4383494,3.5741455588476247,3.748686435464118e-05,2.3502743325117072e-06,2.392188498772113e-06,14.688052400621748,exclude,22782,12.99286875501514,3.573494793773327,exclude,12.602404593967123,107.52708745002747,0.46692323684692383,gpu
159342780,pass,,14;19;21;25;26,351.77689663790215,17857,6084228,0.8322584439270146,1.5752059440962123e-06,3.758242334431173e-07,1.5866366578552528e-07,7.559271397866023,pass,16318,7.297753796453067,4.815141603676588,pass,7.472476939734457,101.15556859970093,0.5869748592376709,gpu
238947589,pass,,5;6;7;8,104.0074744132985,12345,531864,27.071671325626756,4.509292684442874e-06,5.999545845041924e-07,3.0777492951774534e-07,12.701938088538434,exclude,4836,8.229581141512766,27.125366165717768,pass,7.879431995507485,7.299492835998535,0.04045557975769043,gpu
232634636,pass,,14;15;16;17;18;19;20;21;22;23,271.5139491550251,31946,3624559,0.6008820816943944,2.933847294522133e-06,6.94642287003418e-07,2.827397761343834e-07,7.919667469972259,pass,12031,6.268869331216386,5.399352827306,pass,5.882696452975364,90.34661340713501,0.33007073402404785,gpu
198185495,pass,,14;15;16;17;18;19;20;21;22;23,271.5186367578517,31718,3624684,0.5298850749399157,7.670818832342876e-06,1.7756267349159261e-06,7.569456449135624e-07,7.788131336828204,pass,24369,8.162068850787065,3.013448686603994,pass,7.985473216724704,89.87572622299194,0.34847497940063477,gpu
41083578,pass,,61;62;63;64;65;66;67;68;69,242.22344388517422,28269,2884717,0.506507606411561,1.4142017354143121e-05,2.6623162345881065e-06,1.159224934302667e-06,9.902910798291828,exclude,35822,7.0084117028128095,0.914352691834666,pass,6.794430343028809,66.01505613327026,0.3447895050048828,gpu
219754975,pass,,14;15;16;17;18;19;20;22;23;24,298.9217801494274,32324,4393251,0.5270093201330206,2.556733664079746e-06,4.025471047459978e-07,1.9869744253841973e-07,10.841541450223847,exclude,30199,6.91718641178886,2.4914715846434863,pass,8.235041573167031,110.5380630493164,0.4922056198120117,gpu
32032865,pass,,1;2;3;4;6;7;10;13,357.0559889017154,25845,6268209,0.743121541031835,5.124928720646835e-05,1.0596652388053547e-05,4.670523673004073e-06,8.704084951627511,pass,63598,7.0281394443350065,3.2586737030065254,pass,6.912753574724139,133.95501112937927,0.8509955406188965,gpu
198238742,pass,,15;16;17;18;19;20;22;23;25,297.936248797442,27692,4364330,0.673679030936381,0.00014878032974324768,3.206728811965843e-05,1.3801732144876735e-05,8.45640535538966,pass,57459,7.146362318647144,9.706832100699993,pass,6.757044043023563,98.16328549385071,0.641840934753418,gpu
306512813,pass,,1;2;3;4;5;6;8;9;10;11,298.590517505349,31053,4383519,0.5823935596371552,1.060685256837899e-06,1.8270031451255138e-07,8.835408158044501e-08,9.937118089173458,exclude,17703,8.762402818063496,29.485696302250165,pass,8.261618947523429,107.14564943313599,0.46324801445007324,gpu
