target_id,tid,toi,catalog_disp,ground_truth,bin,st_tmag,pl_orbper,pl_trandep_ppm,pl_rade,spoc_sectors
TIC 134200185,134200185,500.01,CP,PLANET,Shallow (<1500 ppm),9.4022,0.5481573,226.8573536,1.3591774,9
TIC 243185500,243185500,1468.02,CP,PLANET,Shallow (<1500 ppm),10.8858,1.880531,1214.0066593,1.4548629,5
TIC 407126408,407126408,913.01,CP,PLANET,Shallow (<1500 ppm),9.6181,11.099348,1159.3892018,2.4827074,8
TIC 164767175,164767175,266.02,CP,PLANET,Shallow (<1500 ppm),9.45661,19.6050966,590.7656874,1.9806229,3
TIC 467331291,467331291,4155.01,CP,PLANET,Shallow (<1500 ppm),11.2473,3.3207642,940.0,3.02356,10
TIC 286916251,286916251,1794.01,CP,PLANET,Shallow (<1500 ppm),9.69924,8.7655468,572.6986983,3.3302665,6
TIC 467651916,467651916,4602.01,CP,PLANET,Shallow (<1500 ppm),7.7746,3.9813082,464.0,2.36323,5
TIC 413248763,413248763,562.01,CP,PLANET,Shallow (<1500 ppm),8.74094,3.9306027,1048.0,1.26995,5
TIC 27064468,27064468,5126.02,CP,PLANET,Shallow (<1500 ppm),9.56225,17.9051919,771.0,3.00633,4
TIC 357501308,357501308,2018.01,CP,PLANET,Shallow (<1500 ppm),8.962,7.4355709,1310.6803156,2.2761564,4
TIC 120317234,120317234,5999.01,KP,PLANET,Shallow (<1500 ppm),10.4081,6.8834027,771.0,2.87691,7
TIC 4897275,4897275,1774.01,CP,PLANET,Shallow (<1500 ppm),7.6474,16.7100422,615.2873631,2.7396616,2
TIC 118327550,118327550,244.01,CP,PLANET,Shallow (<1500 ppm),10.3475,7.397216,953.5477499,1.2711131,5
TIC 289164482,289164482,2274.01,CP,PLANET,Shallow (<1500 ppm),10.3543,2.6796164,827.5423687,1.8334769,8
TIC 29191624,29191624,1777.01,CP,PLANET,Shallow (<1500 ppm),8.737001,14.6503935,330.0,1.81908,2
TIC 180695581,180695581,1807.01,CP,PLANET,Shallow (<1500 ppm),9.0363,0.54937,370.0,1.53904,4
TIC 21832928,21832928,2128.01,CP,PLANET,Shallow (<1500 ppm),6.6813,16.3413889,372.0970618,2.629079,4
TIC 179034327,179034327,444.01,CP,PLANET,Shallow (<1500 ppm),9.0567,17.9635083,1266.94519,3.2970197,4
TIC 36724087,36724087,732.01,CP,PLANET,Shallow (<1500 ppm),10.5848,0.7683904,903.9933214,1.1406447,5
TIC 224225541,224225541,251.01,CP,PLANET,Shallow (<1500 ppm),9.3258,4.9377227,844.8199092,2.8269897,4
TIC 318753380,318753380,2443.01,CP,PLANET,Shallow (<1500 ppm),8.2969,15.6692322,1393.3814802,2.6868893,1
TIC 330687113,330687113,5089.01,KP,PLANET,Shallow (<1500 ppm),10.999,5.113835,1290.3750314,5.6708634,4
TIC 8967242,8967242,1799.01,CP,PLANET,Shallow (<1500 ppm),8.3662,7.093853,284.2381135,1.6277147,2
TIC 169765334,169765334,329.01,CP,PLANET,Shallow (<1500 ppm),10.6929,5.7042858,940.986289,5.0247868,5
TIC 178819686,178819686,763.02,CP,PLANET,Shallow (<1500 ppm),9.5275,12.2772444,869.4629182,2.8635085,5
TIC 408618999,408618999,1736.01,CP,PLANET,Shallow (<1500 ppm),8.3302,7.0731057,439.0,2.69175,8
TIC 130181866,130181866,1726.01,CP,PLANET,Shallow (<1500 ppm),6.2683,7.107934,501.6058242,2.2881711,6
TIC 418761354,418761354,4533.01,KP,PLANET,Shallow (<1500 ppm),11.375,2.1747824,560.0,1.79105,3
TIC 79748331,79748331,1064.02,CP,PLANET,Shallow (<1500 ppm),10.0059,12.2265595,1206.3693293,2.6014766,5
TIC 142937186,142937186,2427.01,CP,PLANET,Shallow (<1500 ppm),9.0138,1.30613,560.0,1.99844,1
TIC 73228647,73228647,755.01,CP,PLANET,Shallow (<1500 ppm),9.4628,2.5404679,572.0,2.15331,5
TIC 21535395,21535395,1776.01,CP,PLANET,Shallow (<1500 ppm),7.6586,2.8009915,204.8553325,1.4033915,2
TIC 149969625,149969625,5178.01,KP,PLANET,Shallow (<1500 ppm),10.7875,14.0666014,1450.8250307,3.1908777,2
TIC 271478281,271478281,2194.01,CP,PLANET,Shallow (<1500 ppm),7.4259,15.3419095,683.0,1.7005,4
TIC 116483514,116483514,1411.01,CP,PLANET,Shallow (<1500 ppm),9.1043,1.4520486,393.0,1.404,7
TIC 91555165,91555165,2345.01,CP,PLANET,Shallow (<1500 ppm),10.3759,1.0526157,358.5076064,1.4203085,3
TIC 130924120,130924120,757.01,CP,PLANET,Shallow (<1500 ppm),9.0498,17.4682298,926.0,2.17884,4
TIC 441462736,441462736,197.01,CP,PLANET,Shallow (<1500 ppm),7.3566,14.2811731,762.9376583,7.8166659,3
TIC 117275513,117275513,5067.01,KP,PLANET,Shallow (<1500 ppm),11.7421,4.6886342,1469.0,3.36071,4
TIC 260647166,260647166,1233.01,CP,PLANET,Shallow (<1500 ppm),8.6522,14.1758947,907.1324529,2.6231641,6
TIC 122375047,122375047,6088.01,KP,PLANET,Shallow (<1500 ppm),11.3992,9.2866733,713.8494352,2.6996251,6
TIC 158241252,158241252,4443.01,CP,PLANET,Shallow (<1500 ppm),7.9147,1.8498567,195.4102498,1.7193265,4
TIC 4610830,4610830,6833.01,KP,PLANET,Shallow (<1500 ppm),11.5018,8.2616616,1343.0,3.30997,2
TIC 58542531,58542531,1683.01,CP,PLANET,Shallow (<1500 ppm),9.794,3.057524,1117.9638175,2.4878486,5
TIC 230055368,230055368,5720.01,CP,PLANET,Shallow (<1500 ppm),11.6196,1.4344602,1028.2187852,1.393219,2
TIC 22221375,22221375,652.01,CP,PLANET,Shallow (<1500 ppm),7.3635,3.9846589,445.0,2.12827,6
TIC 4646810,4646810,461.01,CP,PLANET,Shallow (<1500 ppm),8.8723,10.9245478,653.537141,1.9015018,2
TIC 397362481,397362481,6276.02,CP,PLANET,Shallow (<1500 ppm),6.7213,4.466068,210.7032691,0.9794583,5
TIC 28900646,28900646,1685.01,CP,PLANET,Shallow (<1500 ppm),11.1117,0.6691449,1254.3711932,1.9200407,3
TIC 417931300,417931300,2068.01,CP,PLANET,Shallow (<1500 ppm),11.1806,7.7690887,1416.7912077,2.3663308,7
TIC 351601843,351601843,1075.01,CP,PLANET,Shallow (<1500 ppm),11.1186,0.6047392,1027.6833479,1.8625587,8
TIC 417931607,417931607,1451.01,CP,PLANET,Shallow (<1500 ppm),8.9989,16.5379864,608.0,2.51948,7
TIC 212253390,212253390,2211.01,CP,PLANET,Shallow (<1500 ppm),9.2551,3.0926858,272.6778328,1.6256227,4
TIC 435339847,435339847,4544.01,KP,PLANET,Shallow (<1500 ppm),11.2867,8.2000875,1079.5927267,2.7997542,6
TIC 403224672,403224672,141.01,CP,PLANET,Shallow (<1500 ppm),7.384,1.0082361,228.0,1.7202,7
TIC 119584412,119584412,1801.01,CP,PLANET,Shallow (<1500 ppm),9.85623,10.6439385,1240.0,1.98891,2
TIC 18318288,18318288,6086.01,CP,PLANET,Shallow (<1500 ppm),12.4106,1.3888584,1372.5136834,0.9650619,6
TIC 14336130,14336130,1716.01,CP,PLANET,Shallow (<1500 ppm),8.82897,8.082354,559.0,2.72432,4
TIC 287256467,287256467,2141.01,CP,PLANET,Shallow (<1500 ppm),8.8975,18.2616878,971.0,2.85973,4
TIC 175236511,175236511,5136.01,KP,PLANET,Shallow (<1500 ppm),12.0789,7.8092052,480.0,2.70889,5
TIC 9989136,9989136,5734.01,CP,PLANET,Shallow (<1500 ppm),8.5446,6.1841688,1052.3509168,2.4076002,3
TIC 71582156,71582156,5726.01,CP,PLANET,Shallow (<1500 ppm),9.16067,5.4911302,448.451647,2.430675,5
TIC 70513361,70513361,262.01,CP,PLANET,Shallow (<1500 ppm),8.1345,11.1452784,566.2736451,2.0671456,4
TIC 277833995,277833995,5524.01,KP,PLANET,Shallow (<1500 ppm),11.758,2.2979915,1354.9640916,2.3271065,4
TIC 85293053,85293053,1772.01,CP,PLANET,Shallow (<1500 ppm),9.3523,8.0542207,706.8165307,2.8337706,2
TIC 436575927,436575927,6977.01,KP,PLANET,Shallow (<1500 ppm),11.4398,5.0957983,714.0,1.92318,4
TIC 169081296,169081296,7458.01,KP,PLANET,Shallow (<1500 ppm),9.85155,16.2385246,684.9090611,2.5121124,7
TIC 198153540,198153540,1798.01,CP,PLANET,Shallow (<1500 ppm),10.5191,8.0214735,882.3089291,2.3381058,7
TIC 149845414,149845414,2545.01,CP,PLANET,Shallow (<1500 ppm),8.90594,7.9940367,404.6194381,2.5576021,4
TIC 120960812,120960812,1237.02,KP,PLANET,Shallow (<1500 ppm),10.2768,6.238755,373.5681138,2.9728283,8
TIC 144193715,144193715,4308.01,CP,PLANET,Shallow (<1500 ppm),10.339,9.1512776,1074.0,2.45142,4
TIC 146520535,146520535,942.01,CP,PLANET,Shallow (<1500 ppm),11.0462,4.32765,1480.0,3.52025,2
TIC 9006668,9006668,238.01,CP,PLANET,Shallow (<1500 ppm),9.926601,1.2730965,414.0,1.57925,4
TIC 103633434,103633434,1235.01,CP,PLANET,Shallow (<1500 ppm),9.91924,3.4447015,796.0,2.00495,8
TIC 425561347,425561347,2215.01,CP,PLANET,Shallow (<1500 ppm),9.977,5.7772122,1470.3821261,2.8693434,4
TIC 460984940,460984940,784.01,CP,PLANET,Shallow (<1500 ppm),8.7537,2.7970316,481.0,1.84303,7
TIC 55315929,55315929,5556.01,KP,PLANET,Shallow (<1500 ppm),8.89098,0.7195712,159.6403985,1.6108417,2
TIC 251848941,251848941,178.04,KP,PLANET,Shallow (<1500 ppm),10.42,3.2384253,532.7580623,1.5148369,3
TIC 71431780,71431780,1723.01,CP,PLANET,Shallow (<1500 ppm),9.09942,13.7270395,901.0,2.95921,5
TIC 62483237,62483237,139.01,CP,PLANET,Shallow (<1500 ppm),9.3636,11.0708575,1149.7328034,2.3337648,4
TIC 219344917,219344917,871.01,CP,PLANET,Shallow (<1500 ppm),9.7607,14.362738,541.9770506,1.6866314,7
TIC 124573851,124573851,669.01,CP,PLANET,Shallow (<1500 ppm),10.1755,3.9451359,841.0,2.51666,4
TIC 159873822,159873822,2048.01,CP,PLANET,Shallow (<1500 ppm),10.7545,13.7905315,1140.0,2.60168,7
TIC 106402532,106402532,733.01,CP,PLANET,Shallow (<1500 ppm),8.8411,4.8847937,478.0,1.94753,6
TIC 137151335,137151335,5979.01,KP,PLANET,Shallow (<1500 ppm),9.4087,4.7267257,283.0,1.45952,7
TIC 464646604,464646604,4399.01,CP,PLANET,Shallow (<1500 ppm),7.7582,7.7121208,728.4849109,3.004038,7
TIC 146364192,146364192,7511.01,KP,PLANET,Shallow (<1500 ppm),10.4222,2.3691651,316.0727654,1.6568848,4
TIC 366631954,366631954,5068.01,KP,PLANET,Shallow (<1500 ppm),11.1704,4.7369669,1238.0,2.93924,5
TIC 422618449,422618449,6836.01,KP,PLANET,Shallow (<1500 ppm),9.3742,9.100412,1085.0,2.59387,3
TIC 299799658,299799658,1062.01,CP,PLANET,Shallow (<1500 ppm),9.478,4.1150576,487.0,2.30057,10
TIC 178155732,178155732,396.03,CP,PLANET,Shallow (<1500 ppm),5.9053,11.2304605,208.629137,2.0754665,4
TIC 56815340,56815340,7513.01,KP,PLANET,Shallow (<1500 ppm),8.56338,9.5802888,354.2093066,2.3912439,2
TIC 12421862,12421862,198.01,CP,PLANET,Shallow (<1500 ppm),9.92801,10.2152025,960.5475682,1.4000951,4
TIC 199444169,199444169,1410.01,CP,PLANET,Shallow (<1500 ppm),10.1917,1.2168732,1240.0,3.43106,3
TIC 188589164,188589164,2013.01,CP,PLANET,Shallow (<1500 ppm),10.2705,2.6162769,1120.6014184,1.0972867,3
TIC 239332587,239332587,4481.01,CP,PLANET,Shallow (<1500 ppm),8.72762,0.9263237,952.0,1.67823,7
TIC 224297258,224297258,1279.01,CP,PLANET,Shallow (<1500 ppm),9.99454,9.6141636,933.6532689,3.2264735,8
TIC 120826158,120826158,4495.01,CP,PLANET,Shallow (<1500 ppm),9.00568,5.1830043,670.0,3.63045,7
TIC 27039476,27039476,4604.01,KP,PLANET,Shallow (<1500 ppm),9.3928,2.2251639,284.0,1.50436,2
TIC 243014114,243014114,4512.01,KP,PLANET,Shallow (<1500 ppm),11.2723,19.5620458,1397.8148985,3.2870868,4
TIC 369327947,369327947,910.01,CP,PLANET,Shallow (<1500 ppm),10.1508,2.0291067,954.52078,1.0407954,10
TIC 82308728,82308728,1821.01,KP,PLANET,Shallow (<1500 ppm),6.9859,9.4893231,940.0,2.4304,2
TIC 100990000,100990000,411.02,CP,PLANET,Shallow (<1500 ppm),7.757,4.0403007,143.5196245,1.2778847,5
TIC 173103335,173103335,5146.01,KP,PLANET,Shallow (<1500 ppm),10.5459,10.0546003,1321.020031,2.1128666,3
TIC 39699648,39699648,1778.01,CP,PLANET,Shallow (<1500 ppm),8.4594,6.5273884,415.430891,2.8972637,2
TIC 158025009,158025009,1416.01,CP,PLANET,Shallow (<1500 ppm),9.0739,1.0697621,376.0,1.60037,4
TIC 333473672,333473672,1422.01,CP,PLANET,Shallow (<1500 ppm),10.1308,13.001789,1339.5837664,3.84805,4
TIC 353475866,353475866,1693.01,CP,PLANET,Shallow (<1500 ppm),10.6714,1.766692,830.5082973,1.5574734,6
TIC 355867695,355867695,1260.01,CP,PLANET,Shallow (<1500 ppm),10.8116,3.1274634,1331.83693,2.5802896,7
TIC 359271092,359271092,741.01,CP,PLANET,Shallow (<1500 ppm),7.66874,7.5768334,289.0,0.867887,7
TIC 123309556,123309556,6006.01,KP,PLANET,Shallow (<1500 ppm),12.1773,2.5080815,1292.7152523,2.6163105,10
TIC 232976128,232976128,1249.01,CP,PLANET,Shallow (<1500 ppm),10.2108,13.0791581,1143.0,3.25485,9
TIC 283722336,283722336,1469.01,KP,PLANET,Shallow (<1500 ppm),4.6278,3.0929386,254.2319025,1.2815317,5
TIC 366484980,366484980,4411.01,KP,PLANET,Shallow (<1500 ppm),9.15722,13.7748361,309.0,2.67656,7
TIC 407591297,407591297,5388.01,CP,PLANET,Shallow (<1500 ppm),10.5737,2.594675,1070.0,1.89426,2
TIC 418604868,418604868,5817.01,CP,PLANET,Shallow (<1500 ppm),8.0581,15.6146058,467.1437307,3.0272584,2
TIC 437856897,437856897,4603.01,CP,PLANET,Shallow (<1500 ppm),8.6554,7.2455997,1106.0,14.2395,5
TIC 456945304,456945304,5559.01,KP,PLANET,Shallow (<1500 ppm),10.3729,2.1408063,628.0,2.59639,4
TIC 350293646,350293646,2548.02,CP,PLANET,Shallow (<1500 ppm),10.0471,1.4468993,549.0,4.98711,3
TIC 317548889,317548889,480.01,CP,PLANET,Shallow (<1500 ppm),6.7799,6.8659582,334.0145589,2.8144915,4
TIC 377873569,377873569,4480.01,KP,PLANET,Shallow (<1500 ppm),11.0418,3.8493846,1372.2876678,16.8088001,7
TIC 69747919,69747919,1407.01,KP,PLANET,Shallow (<1500 ppm),7.7275,9.9783319,179.2248456,2.0515332,5
TIC 154089169,154089169,1174.01,CP,PLANET,Shallow (<1500 ppm),10.2549,8.9534775,1136.0,2.35888,10
TIC 307809773,307809773,4599.01,CP,PLANET,Shallow (<1500 ppm),7.89863,2.7694936,712.0,1.27326,5
TIC 121731834,121731834,6003.01,KP,PLANET,Shallow (<1500 ppm),10.593,5.8599392,289.4487735,2.9189614,10
TIC 17307715,17307715,5562.01,KP,PLANET,Shallow (<1500 ppm),11.4529,13.8532745,1068.1330554,2.2098839,3
TIC 306996324,306996324,776.01,CP,PLANET,Shallow (<1500 ppm),9.73597,15.6653322,1317.653048,2.0999942,6
TIC 376353509,376353509,1648.01,CP,PLANET,Shallow (<1500 ppm),9.5831,7.3315684,893.0,2.77433,4
TIC 366410512,366410512,5101.01,KP,PLANET,Shallow (<1500 ppm),11.6718,10.1367283,1059.0,5.44119,7
TIC 263179590,263179590,2498.01,CP,PLANET,Shallow (<1500 ppm),10.844,3.7382381,1316.4622757,4.774123,3
TIC 383390264,383390264,1098.01,CP,PLANET,Shallow (<1500 ppm),8.7581,10.1826983,667.4752458,3.0538057,8
TIC 176314383,176314383,2719.01,CP,PLANET,Shallow (<1500 ppm),12.0676,3.3759446,1270.0,6.03548,1
TIC 360630575,360630575,1097.02,CP,PLANET,Shallow (<1500 ppm),8.7215,13.9028391,647.2701039,2.6136848,3
TIC 120896927,120896927,402.01,CP,PLANET,Shallow (<1500 ppm),8.3157,4.7559995,360.5191272,1.4790069,4
TIC 384984325,384984325,6109.02,CP,PLANET,Shallow (<1500 ppm),10.3622,5.6952223,1470.0,3.92346,3
TIC 307733361,307733361,5071.01,KP,PLANET,Shallow (<1500 ppm),10.0121,1.6739029,863.0,3.44449,4
TIC 207141131,207141131,179.01,CP,PLANET,Shallow (<1500 ppm),8.1796,4.1374403,1008.4447279,2.5340286,6
TIC 377064495,377064495,561.01,CP,PLANET,Shallow (<1500 ppm),9.5273,10.778833,1130.0,2.6584,5
TIC 348835438,348835438,2669.01,CP,PLANET,Shallow (<1500 ppm),9.9917,6.203496,810.0,9.93735,3
TIC 437011608,437011608,5082.01,CP,PLANET,Shallow (<1500 ppm),7.6253,4.2403543,842.0,2.64301,4
TIC 89020549,89020549,132.01,CP,PLANET,Shallow (<1500 ppm),10.8061,2.1096805,1309.7297126,3.6396725,4
TIC 58824746,58824746,4638.01,CP,PLANET,Shallow (<1500 ppm),10.7434,10.2829583,865.1246457,2.7186716,3
TIC 119292328,119292328,512.01,CP,PLANET,Shallow (<1500 ppm),8.9767,7.1887332,285.257999,1.5254582,5
TIC 333657795,333657795,4524.01,CP,PLANET,Shallow (<1500 ppm),8.1359,0.9260632,221.0,1.67736,4
TIC 6892385,6892385,5164.01,KP,PLANET,Shallow (<1500 ppm),11.2089,8.2669589,1316.0,3.44807,5
TIC 27491137,27491137,2076.01,CP,PLANET,Shallow (<1500 ppm),8.3745,10.3563596,923.942127,2.4103206,4
TIC 301289516,301289516,4517.01,KP,PLANET,Shallow (<1500 ppm),9.0684,1.2089755,668.0,1.68645,3
TIC 370133522,370133522,1078.01,CP,PLANET,Shallow (<1500 ppm),10.1165,0.5182425,831.8920424,1.3485121,7
TIC 352413427,352413427,1473.01,CP,PLANET,Shallow (<1500 ppm),8.297,5.2544884,567.0,2.1916,3
TIC 137906197,137906197,1768.01,CP,PLANET,Shallow (<1500 ppm),9.91008,7.3377236,795.0,3.2807,4
TIC 139285832,139285832,332.01,CP,PLANET,Shallow (<1500 ppm),11.5273,0.77685,830.0,3.28324,4
TIC 332064670,332064670,1773.01,KP,PLANET,Shallow (<1500 ppm),5.2058,0.7365463,384.6733121,2.0231121,4
TIC 34077285,34077285,880.02,CP,PLANET,Shallow (<1500 ppm),9.2563,2.5735943,739.6008283,2.7779229,2
TIC 50618703,50618703,544.01,CP,PLANET,Shallow (<1500 ppm),9.6504,1.5483542,926.4111032,2.1601741,3
TIC 27635334,27635334,6967.01,KP,PLANET,Shallow (<1500 ppm),11.6736,4.7335575,930.2503519,5.3852666,5
TIC 234994474,234994474,134.01,CP,PLANET,Shallow (<1500 ppm),9.22978,1.4015183,593.7540922,1.4616853,6
TIC 349488688,349488688,2319.02,KP,PLANET,Shallow (<1500 ppm),8.40302,11.6207544,486.0090375,3.207554,3
TIC 384888319,384888319,4529.01,CP,PLANET,Shallow (<1500 ppm),10.1406,5.8795752,1352.7622114,1.8721219,3
TIC 257774438,257774438,4648.01,KP,PLANET,Shallow (<1500 ppm),8.97055,15.3886607,407.1050545,2.5382638,3
TIC 453211454,453211454,509.01,CP,PLANET,Shallow (<1500 ppm),7.9259,9.0588209,875.0,2.67607,5
TIC 452866790,452866790,488.01,CP,PLANET,Shallow (<1500 ppm),11.1972,1.1979996,1150.3177297,1.2107339,4
TIC 407966340,407966340,554.01,CP,PLANET,Shallow (<1500 ppm),6.4386,7.0491608,300.5227138,2.8464941,6
TIC 52368076,52368076,125.03,CP,PLANET,Shallow (<1500 ppm),10.1985,19.9815709,909.0,2.54717,7
TIC 240968774,240968774,1467.01,CP,PLANET,Shallow (<1500 ppm),10.5977,5.9711357,1437.1086027,1.8721145,4
TIC 262715204,262715204,4538.03,KP,PLANET,Shallow (<1500 ppm),11.2451,10.4534748,1031.892884,2.6747709,3
TIC 102840239,102840239,815.01,CP,PLANET,Shallow (<1500 ppm),9.36,11.1972769,1301.0,2.62397,5
TIC 63898957,63898957,261.01,CP,PLANET,Shallow (<1500 ppm),9.03971,3.3639254,422.0610761,3.0449863,2
TIC 97735908,97735908,4612.01,KP,PLANET,Medium (1500-6000 ppm),8.22398,4.1137862,5739.0,15.0368,5
TIC 232941965,232941965,5882.01,CP,PLANET,Medium (1500-6000 ppm),10.6338,7.1487697,1900.0,14.1861,1
TIC 282485660,282485660,5005.01,CP,PLANET,Medium (1500-6000 ppm),11.13,6.3084728,3690.0,6.00429,2
TIC 387342052,387342052,2844.01,CP,PLANET,Medium (1500-6000 ppm),11.5829,3.5524144,2060.0,8.52936,3
TIC 126606859,126606859,4479.01,CP,PLANET,Medium (1500-6000 ppm),12.9374,1.1589013,3470.6759302,2.6829722,3
TIC 467179528,467179528,1266.01,CP,PLANET,Medium (1500-6000 ppm),11.0402,10.8948421,3168.3853584,2.4691414,9
TIC 371188886,371188886,2000.01,CP,PLANET,Medium (1500-6000 ppm),10.3579,9.1270519,4568.0,8.34235,7
TIC 68007716,68007716,2587.01,CP,PLANET,Medium (1500-6000 ppm),10.9657,5.4566563,4160.0,10.9408,1
TIC 162922904,162922904,1931.01,KP,PLANET,Medium (1500-6000 ppm),12.0233,3.8186276,3240.0,11.3749,5
TIC 454069765,454069765,4916.01,KP,PLANET,Medium (1500-6000 ppm),12.1137,4.1197036,2690.0,9.06392,4
TIC 193641523,193641523,824.01,CP,PLANET,Medium (1500-6000 ppm),10.0732,1.3929721,1576.0776119,2.9539057,8
TIC 101011575,101011575,560.01,CP,PLANET,Medium (1500-6000 ppm),8.5925,6.3980642,1656.0,2.62025,4
TIC 183985250,183985250,193.01,CP,PLANET,Medium (1500-6000 ppm),9.1031,0.7920645,1561.7798964,12.0551028,4
TIC 166527623,166527623,6551.01,KP,PLANET,Medium (1500-6000 ppm),9.1871,6.9593972,4826.8656037,9.3800527,5
TIC 9828416,9828416,2114.01,CP,PLANET,Medium (1500-6000 ppm),9.8251,6.2099619,4090.0,14.369,3
TIC 48506505,48506505,4467.01,KP,PLANET,Medium (1500-6000 ppm),11.8933,7.7942155,2950.7357104,4.9169842,10
TIC 49428710,49428710,5174.01,CP,PLANET,Medium (1500-6000 ppm),10.6309,12.2193392,1670.1310625,4.8045458,3
TIC 151920165,151920165,4270.01,CP,PLANET,Medium (1500-6000 ppm),12.5695,3.4671474,4770.0,11.6401,4
TIC 101955023,101955023,667.01,KP,PLANET,Medium (1500-6000 ppm),10.8372,1.6289322,2512.1192447,1.2145664,6
TIC 394918211,394918211,4377.01,CP,PLANET,Medium (1500-6000 ppm),10.7934,4.3780194,1604.3825129,14.3632742,5
TIC 390651552,390651552,1827.01,CP,PLANET,Medium (1500-6000 ppm),8.8223,1.467119,1550.632368,1.3241394,2
TIC 152476657,152476657,415.01,KP,PLANET,Medium (1500-6000 ppm),10.5831,3.6112621,5684.0944144,13.6137403,5
TIC 299798795,299798795,1224.02,CP,PLANET,Medium (1500-6000 ppm),11.556,17.9453645,5480.684864,3.3839124,10
TIC 115010361,115010361,5163.01,KP,PLANET,Medium (1500-6000 ppm),11.6271,15.4658691,2380.0,5.07911,1
TIC 289661991,289661991,3807.01,CP,PLANET,Medium (1500-6000 ppm),11.5817,2.8989758,3680.0,10.0928,3
TIC 286201103,286201103,6008.01,CP,PLANET,Medium (1500-6000 ppm),12.2936,0.8573727,2045.7091221,1.2465478,9
TIC 257605131,257605131,451.01,CP,PLANET,Medium (1500-6000 ppm),10.2666,16.364873,2075.0944118,3.9248322,3
TIC 254113311,254113311,1130.02,CP,PLANET,Medium (1500-6000 ppm),10.1429,4.0686405,2650.0950013,3.7548333,4
TIC 29960110,29960110,1201.01,CP,PLANET,Medium (1500-6000 ppm),10.9473,2.4919771,2093.9594201,2.2187585,2
TIC 219041246,219041246,5713.01,CP,PLANET,Medium (1500-6000 ppm),12.7022,10.4419896,3992.4372644,1.8605473,5
TIC 318022259,318022259,1730.03,CP,PLANET,Medium (1500-6000 ppm),10.3595,12.5739572,2170.0,2.4359,3
TIC 293853437,293853437,629.01,CP,PLANET,Medium (1500-6000 ppm),8.69437,8.7179665,2420.0,12.3121,2
TIC 49705089,49705089,4759.01,CP,PLANET,Medium (1500-6000 ppm),12.2627,9.6578504,2300.0,9.98401,1
TIC 396562848,396562848,1640.01,CP,PLANET,Medium (1500-6000 ppm),11.0548,1.9495403,2089.2444115,1.3929217,10
TIC 388811663,388811663,5155.01,KP,PLANET,Medium (1500-6000 ppm),11.7603,9.7956535,1633.7953711,2.8237599,3
TIC 417948359,417948359,1272.01,CP,PLANET,Medium (1500-6000 ppm),11.0244,3.3159772,2770.0,4.5947,5
TIC 406941612,406941612,912.01,CP,PLANET,Medium (1500-6000 ppm),10.4904,4.678059,2029.239148,2.2524868,8
TIC 246965431,246965431,5319.01,CP,PLANET,Medium (1500-6000 ppm),12.0828,4.0785273,4530.0,3.74681,3
TIC 330690135,330690135,5170.01,KP,PLANET,Medium (1500-6000 ppm),11.5559,14.7565015,2238.4830035,5.7395617,4
TIC 73649615,73649615,756.01,CP,PLANET,Medium (1500-6000 ppm),12.5554,1.2392569,2917.3714571,3.1811214,5
TIC 49735922,49735922,6834.01,KP,PLANET,Medium (1500-6000 ppm),12.1093,6.3392677,1739.0,3.91968,3
TIC 58825110,58825110,5301.01,CP,PLANET,Medium (1500-6000 ppm),11.1893,5.8588751,2690.0,12.1366,1
TIC 168281028,168281028,6269.01,KP,PLANET,Medium (1500-6000 ppm),11.8134,4.3744614,3270.9828556,6.4637765,4
TIC 396133015,396133015,3577.01,CP,PLANET,Medium (1500-6000 ppm),11.3209,5.2667367,2910.0,8.71675,3
TIC 445903569,445903569,1994.01,CP,PLANET,Medium (1500-6000 ppm),10.2396,4.0337201,2868.0,11.5159,6
TIC 76420654,76420654,4462.01,CP,PLANET,Medium (1500-6000 ppm),10.445,4.9133022,2040.0,9.33912,2
TIC 328081248,328081248,5799.01,CP,PLANET,Medium (1500-6000 ppm),11.1798,4.1645448,2612.2397484,1.9881393,2
TIC 70524163,70524163,2421.01,CP,PLANET,Medium (1500-6000 ppm),10.6918,4.3474,3520.0,10.753,2
TIC 183120439,183120439,169.01,CP,PLANET,Medium (1500-6000 ppm),11.788,2.2554459,5283.7103901,11.0535293,6
TIC 411839167,411839167,2461.01,KP,PLANET,Medium (1500-6000 ppm),10.8243,6.1802614,5383.8458373,13.7037465,5
TIC 354944123,354944123,4342.02,CP,PLANET,Medium (1500-6000 ppm),11.0318,10.6886084,1501.1726341,2.4642245,9
TIC 262530407,262530407,177.01,CP,PLANET,Medium (1500-6000 ppm),9.49275,2.8531016,1547.1068927,2.1060476,7
TIC 219015370,219015370,1294.01,CP,PLANET,Medium (1500-6000 ppm),10.9458,3.9152737,3350.0,9.43435,9
TIC 39903405,39903405,2020.01,KP,PLANET,Medium (1500-6000 ppm),8.27468,5.633477,5651.0,13.2583,6
TIC 350348197,350348197,5108.01,CP,PLANET,Medium (1500-6000 ppm),9.18458,6.7535728,1740.0,6.28796,1
TIC 277634430,277634430,771.01,CP,PLANET,Medium (1500-6000 ppm),12.0874,2.3260077,3279.7891318,1.3960869,7
TIC 458686847,458686847,5528.01,KP,PLANET,Medium (1500-6000 ppm),12.7482,1.2916034,1566.7959545,2.4511775,5
TIC 44745133,44745133,1911.01,KP,PLANET,Medium (1500-6000 ppm),12.5757,7.8181434,3650.0,9.95177,1
TIC 75878355,75878355,2134.01,CP,PLANET,Medium (1500-6000 ppm),7.7945,9.2292078,1606.0,3.21883,8
TIC 139375960,139375960,1601.01,CP,PLANET,Medium (1500-6000 ppm),10.1035,5.33155,4220.0,14.6101,1
TIC 201186294,201186294,1634.01,CP,PLANET,Medium (1500-6000 ppm),11.0136,0.98933,1519.669587,1.8303854,2
TIC 461591646,461591646,2155.01,CP,PLANET,Medium (1500-6000 ppm),10.9939,3.7246883,3320.0,10.8811,8
TIC 296739893,296739893,620.01,CP,PLANET,Medium (1500-6000 ppm),10.2139,5.0988038,2925.8222433,3.0503381,5
TIC 336128819,336128819,2136.01,CP,PLANET,Medium (1500-6000 ppm),11.7371,7.8519082,3873.9591492,2.1705803,7
TIC 186812530,186812530,503.01,CP,PLANET,Medium (1500-6000 ppm),9.19813,3.6773543,3949.0,11.426,7
TIC 172518755,172518755,1789.01,CP,PLANET,Medium (1500-6000 ppm),9.1824,3.2087149,1960.0,12.3921,4
TIC 262746281,262746281,603.01,CP,PLANET,Medium (1500-6000 ppm),9.74179,16.1798603,2249.0,7.89958,5
TIC 5882269,5882269,5083.01,KP,PLANET,Medium (1500-6000 ppm),12.0394,4.7948642,2280.0,3.3985,4
TIC 40055053,40055053,5240.01,CP,PLANET,Medium (1500-6000 ppm),11.6917,4.1793301,4900.0,16.1603,3
TIC 71841620,71841620,7480.01,KP,PLANET,Medium (1500-6000 ppm),9.9543,5.084334,5787.6432946,13.3526344,1
TIC 142532090,142532090,4737.01,CP,PLANET,Medium (1500-6000 ppm),11.992,9.3202467,2200.0,7.8768,1
TIC 172598832,172598832,1933.01,KP,PLANET,Medium (1500-6000 ppm),12.941,3.2633165,5011.5725027,15.0902486,2
TIC 280437559,280437559,969.01,CP,PLANET,Medium (1500-6000 ppm),10.5424,1.8237371,1890.0,3.64998,1
TIC 15692883,15692883,1493.01,CP,PLANET,Medium (1500-6000 ppm),9.7116,5.147905,3710.0,18.0411,2
TIC 200322593,200322593,540.01,CP,PLANET,Medium (1500-6000 ppm),11.5045,1.2391534,2318.6594409,0.9654706,6
TIC 203214138,203214138,5081.01,KP,PLANET,Medium (1500-6000 ppm),10.5649,5.1699026,3110.0,9.23587,4
TIC 97568467,97568467,2497.01,CP,PLANET,Medium (1500-6000 ppm),9.14112,10.655694,2103.6578759,11.7630857,3
TIC 452006073,452006073,3071.01,CP,PLANET,Medium (1500-6000 ppm),11.8706,1.2669382,2580.0,7.13535,4
TIC 441420236,441420236,2221.01,CP,PLANET,Medium (1500-6000 ppm),6.755,8.4536777,2872.2887525,4.0269258,3
TIC 55092869,55092869,664.01,KP,PLANET,Medium (1500-6000 ppm),7.3212,4.7359232,2338.8745559,13.5752589,4
TIC 306955329,306955329,1472.01,CP,PLANET,Medium (1500-6000 ppm),10.5508,6.3634106,2368.6952027,4.4784698,5
TIC 231670397,231670397,104.01,KP,PLANET,Medium (1500-6000 ppm),9.8638,4.0872956,3572.1712499,13.6237732,8
TIC 138644215,138644215,4455.01,KP,PLANET,Medium (1500-6000 ppm),12.8939,1.5449334,4941.8700913,10.7011777,6
TIC 284441182,284441182,1470.01,CP,PLANET,Medium (1500-6000 ppm),11.4752,2.5272822,1847.4872236,2.2007181,6
TIC 118798035,118798035,7510.01,CP,PLANET,Medium (1500-6000 ppm),11.2937,11.5317273,3881.313889,11.6585655,2
TIC 29857954,29857954,172.01,CP,PLANET,Medium (1500-6000 ppm),10.7379,9.47686,2980.0,9.80856,4
TIC 1003831,1003831,564.01,CP,PLANET,Medium (1500-6000 ppm),10.6701,1.6511456,3205.5671437,7.7514065,5
TIC 54962195,54962195,663.01,CP,PLANET,Medium (1500-6000 ppm),11.7602,2.5989031,1953.2615465,2.4312854,5
TIC 123482865,123482865,569.01,CP,PLANET,Medium (1500-6000 ppm),9.4727,6.5562078,2970.0,8.40415,5
TIC 220029715,220029715,825.01,KP,PLANET,Medium (1500-6000 ppm),12.4284,3.1853186,4917.3378908,5.422035,4
TIC 422655579,422655579,388.01,KP,PLANET,Medium (1500-6000 ppm),10.1638,2.9036858,4642.2749148,14.913823,5
TIC 166836920,166836920,267.01,KP,PLANET,Medium (1500-6000 ppm),8.93,5.7525804,5301.7998237,12.6101982,5
TIC 153065527,153065527,406.01,CP,PLANET,Medium (1500-6000 ppm),11.2828,13.1757294,2479.3477138,1.9602373,5
TIC 283621618,283621618,5806.01,CP,PLANET,Medium (1500-6000 ppm),8.2942,3.1856488,4750.0,11.2665,2
TIC 258796169,258796169,4616.01,CP,PLANET,Medium (1500-6000 ppm),12.8872,1.5538188,3449.9519182,1.2643202,4
TIC 145750719,145750719,303.01,KP,PLANET,Medium (1500-6000 ppm),12.0213,3.5608112,4890.0,10.4972,3
TIC 410214986,410214986,200.01,CP,PLANET,Medium (1500-6000 ppm),7.8541,8.1382222,3852.0299874,6.1757682,10
TIC 266980320,266980320,118.01,CP,PLANET,Medium (1500-6000 ppm),9.179,6.0344634,1750.6457632,4.6585117,7
TIC 203214081,203214081,5097.01,KP,PLANET,Medium (1500-6000 ppm),11.5219,5.7459945,3650.0,2.06081,4
TIC 274198407,274198407,7463.01,KP,PLANET,Medium (1500-6000 ppm),12.7994,4.662632,1943.3492565,4.4785238,7
TIC 141205978,141205978,3862.01,CP,PLANET,Medium (1500-6000 ppm),11.7201,1.5574603,3900.0,6.15317,4
TIC 255930614,255930614,2024.01,KP,PLANET,Medium (1500-6000 ppm),7.6262,2.8758831,3152.0,8.33267,6
TIC 219698776,219698776,1243.01,CP,PLANET,Medium (1500-6000 ppm),11.1966,4.6595169,1725.1706259,2.1961507,7
TIC 404505029,404505029,1842.01,CP,PLANET,Medium (1500-6000 ppm),9.26733,9.5739531,3170.0,12.4956,2
TIC 92226327,92226327,256.02,KP,PLANET,Medium (1500-6000 ppm),11.2991,3.7779418,3469.450739,1.5659937,2
TIC 69356857,69356857,5232.01,CP,PLANET,Medium (1500-6000 ppm),11.7791,4.0966887,5620.0,12.9734,3
TIC 322307342,322307342,117.01,KP,PLANET,Medium (1500-6000 ppm),11.7806,3.5862962,5729.3246858,16.4747611,8
TIC 342642208,342642208,2158.01,CP,PLANET,Medium (1500-6000 ppm),10.1669,8.6007557,5090.0,10.7988,2
TIC 323687123,323687123,5557.01,CP,PLANET,Medium (1500-6000 ppm),12.4289,4.0179805,2808.9118424,1.1017624,4
TIC 305739565,305739565,3218.01,CP,PLANET,Medium (1500-6000 ppm),12.885,3.3704313,5610.0,13.6938,2
TIC 464300749,464300749,3362.01,CP,PLANET,Medium (1500-6000 ppm),10.3823,18.0953159,3176.0,12.0619,4
TIC 366411016,366411016,5529.01,KP,PLANET,Medium (1500-6000 ppm),11.8964,8.8652886,1699.9442212,4.2853969,8
TIC 151724385,151724385,5795.01,CP,PLANET,Medium (1500-6000 ppm),10.1872,6.1406207,2469.4322474,5.2922596,3
TIC 44792534,44792534,954.01,CP,PLANET,Medium (1500-6000 ppm),9.77919,3.68497,2070.0,9.05543,1
TIC 419523962,419523962,6029.01,CP,PLANET,Medium (1500-6000 ppm),11.6593,5.7998626,2387.0,11.022,3
TIC 243244680,243244680,5065.01,KP,PLANET,Medium (1500-6000 ppm),9.66896,19.4921473,1700.0,5.50689,4
TIC 22233480,22233480,4438.01,CP,PLANET,Medium (1500-6000 ppm),11.2695,7.4463034,4045.7241785,2.4048644,5
TIC 142276270,142276270,1136.01,CP,PLANET,Medium (1500-6000 ppm),8.9361,12.5187279,2320.0,5.58857,7
TIC 393940766,393940766,148.01,CP,PLANET,Medium (1500-6000 ppm),11.7835,4.8670758,4965.8114653,8.2198581,3
TIC 374180079,374180079,5520.01,KP,PLANET,Medium (1500-6000 ppm),10.6269,14.69808,1897.6641496,3.177884,6
TIC 101037590,101037590,1605.01,CP,PLANET,Medium (1500-6000 ppm),9.62924,8.7094632,4510.0,20.9625,1
TIC 35009898,35009898,654.01,CP,PLANET,Medium (1500-6000 ppm),12.2255,1.5275639,2892.4227936,2.6103318,7
TIC 408636441,408636441,1759.01,CP,PLANET,Medium (1500-6000 ppm),9.92838,18.8500438,2610.0,3.09094,10
TIC 270604417,270604417,2543.01,CP,PLANET,Medium (1500-6000 ppm),10.8165,7.5427509,3098.3066655,10.8099759,4
TIC 256722647,256722647,4329.01,CP,PLANET,Medium (1500-6000 ppm),11.8832,2.9224661,5724.017673,20.8842189,8
TIC 40292751,40292751,5786.01,CP,PLANET,Medium (1500-6000 ppm),9.77301,12.7791964,3008.0,6.85813,2
TIC 26078330,26078330,6979.01,KP,PLANET,Medium (1500-6000 ppm),11.584,8.754708,1527.6748939,3.5438108,5
TIC 439456714,439456714,277.01,CP,PLANET,Medium (1500-6000 ppm),11.7315,3.9934418,5801.8957159,4.2556645,3
TIC 286923464,286923464,1271.01,KP,PLANET,Medium (1500-6000 ppm),7.4556,6.1349783,3860.0,13.1383,5
TIC 328934463,328934463,2485.01,CP,PLANET,Medium (1500-6000 ppm),10.9687,11.2347982,4780.0,12.196,1
TIC 53498154,53498154,5624.01,CP,PLANET,Medium (1500-6000 ppm),10.0326,13.7317565,2095.0,4.07678,3
TIC 231736113,231736113,1406.01,CP,PLANET,Medium (1500-6000 ppm),11.4266,10.5739824,5460.0,9.43898,5
TIC 102734241,102734241,6002.01,CP,PLANET,Medium (1500-6000 ppm),12.6396,10.9048392,4030.7760993,1.5489482,8
TIC 363548415,363548415,5168.01,KP,PLANET,Medium (1500-6000 ppm),11.9186,6.7713411,2930.0,5.07965,3
TIC 197643976,197643976,6821.01,KP,PLANET,Medium (1500-6000 ppm),12.5638,3.535713,3116.0,4.58576,1
TIC 460205581,460205581,837.01,CP,PLANET,Medium (1500-6000 ppm),9.9322,8.3249172,4535.0,7.0011,7
TIC 148673433,148673433,5704.01,CP,PLANET,Medium (1500-6000 ppm),10.6147,3.7711066,1647.6730314,3.3409641,3
TIC 192790476,192790476,2459.01,CP,PLANET,Medium (1500-6000 ppm),9.3951,19.1047019,1906.0596245,2.9365337,6
TIC 290131778,290131778,123.01,CP,PLANET,Medium (1500-6000 ppm),7.87598,3.3088922,4736.0,24.9862,5
TIC 166184428,166184428,4336.01,CP,PLANET,Medium (1500-6000 ppm),11.0196,16.3363665,3884.6785375,2.0492403,3
TIC 396740648,396740648,1694.01,CP,PLANET,Medium (1500-6000 ppm),10.7424,3.7701296,4361.1801082,5.4800266,2
TIC 293607057,293607057,4987.01,CP,PLANET,Medium (1500-6000 ppm),10.6311,4.2889696,5850.0,20.7112,3
TIC 27649847,27649847,521.01,CP,PLANET,Medium (1500-6000 ppm),12.4029,1.5428486,2154.4855781,1.9653032,7
TIC 189625051,189625051,2604.01,KP,PLANET,Medium (1500-6000 ppm),12.487,4.9088819,5548.8279627,15.9619759,4
TIC 70899085,70899085,442.01,CP,PLANET,Medium (1500-6000 ppm),10.7329,4.0520368,5512.4033193,4.9523134,2
TIC 31374837,31374837,431.01,CP,PLANET,Medium (1500-6000 ppm),8.1705,12.4610086,2078.1425981,3.2809492,4
TIC 88992642,88992642,2145.01,CP,PLANET,Medium (1500-6000 ppm),8.55942,10.2611329,1900.0,12.2521,6
TIC 116242971,116242971,2125.01,KP,PLANET,Medium (1500-6000 ppm),10.1213,5.0316347,4912.0,15.3999,6
TIC 150096001,150096001,6872.01,KP,PLANET,Medium (1500-6000 ppm),12.3252,11.0248821,1943.0,2.46843,4
TIC 4070275,4070275,4364.01,CP,PLANET,Medium (1500-6000 ppm),11.3993,5.4240691,1766.8589296,2.093707,3
TIC 350020859,350020859,5141.01,KP,PLANET,Medium (1500-6000 ppm),8.74761,11.8141726,1504.894167,6.9724932,2
TIC 83275782,83275782,5467.01,CP,PLANET,Medium (1500-6000 ppm),11.8423,2.6570006,4050.0,10.4864,2
TIC 99869022,99869022,1199.01,CP,PLANET,Medium (1500-6000 ppm),10.4221,3.6714717,4340.0,10.678,3
TIC 11270200,11270200,7478.01,KP,PLANET,Medium (1500-6000 ppm),12.2994,3.1432403,4968.9753741,,1
TIC 369455629,369455629,2199.01,KP,PLANET,Medium (1500-6000 ppm),11.4513,3.3771114,4515.155077,8.6110106,4
TIC 206284139,206284139,4547.01,KP,PLANET,Medium (1500-6000 ppm),12.1112,3.0026495,4411.9691117,9.462384,2
TIC 153078576,153078576,2407.01,CP,PLANET,Medium (1500-6000 ppm),12.5264,2.7029187,5132.6782834,3.7942392,3
TIC 88902249,88902249,2336.01,CP,PLANET,Medium (1500-6000 ppm),10.1757,7.7119842,3176.0,10.7188,1
TIC 125520907,125520907,6019.01,CP,PLANET,Medium (1500-6000 ppm),10.0651,14.5478626,3222.8170072,12.189719,2
TIC 207110080,207110080,558.01,CP,PLANET,Medium (1500-6000 ppm),10.9923,14.5728985,4464.4359891,13.5300683,4
TIC 305424003,305424003,907.01,CP,PLANET,Medium (1500-6000 ppm),9.9444,4.5849129,2101.0682794,9.6158851,7
TIC 95660472,95660472,3819.01,CP,PLANET,Medium (1500-6000 ppm),11.9824,3.244299,5692.0048309,12.9273057,6
TIC 17409453,17409453,5080.01,KP,PLANET,Medium (1500-6000 ppm),12.9285,9.72665,2287.0,7.23871,4
TIC 437704321,437704321,4534.01,KP,PLANET,Medium (1500-6000 ppm),12.3071,2.8492802,3881.5844287,4.6802283,2
TIC 77156657,77156657,1903.01,KP,PLANET,Medium (1500-6000 ppm),11.8831,3.8404319,3580.0,12.3434,3
TIC 18310799,18310799,5087.01,KP,PLANET,Medium (1500-6000 ppm),10.1192,17.3070631,1909.0,3.7275,3
TIC 270380593,270380593,465.01,KP,PLANET,Medium (1500-6000 ppm),10.7307,3.8361623,5357.5774934,6.2369926,6
TIC 167227214,167227214,7055.01,KP,PLANET,Deep (>6000 ppm),11.6961,3.1290476,13426.2063185,16.9082331,1
TIC 439366538,439366538,2374.01,CP,PLANET,Deep (>6000 ppm),11.2057,4.3135917,11271.8586527,10.3835703,2
TIC 176899385,176899385,1373.01,KP,PLANET,Deep (>6000 ppm),9.995771,3.8529998,8913.0,15.4014,2
TIC 160148385,160148385,247.01,KP,PLANET,Deep (>6000 ppm),11.9116,3.4252563,14223.1726719,14.3752921,6
TIC 394561119,394561119,1107.01,CP,PLANET,Deep (>6000 ppm),10.0068,4.0782392,6046.6959687,13.898174,5
TIC 59843967,59843967,474.01,KP,PLANET,Deep (>6000 ppm),12.7632,2.5167257,16406.5457432,12.9083148,3
TIC 49043968,49043968,6275.01,CP,PLANET,Deep (>6000 ppm),11.6337,6.2462252,13270.5292659,13.4614756,4
TIC 311035838,311035838,1419.01,KP,PLANET,Deep (>6000 ppm),10.7164,2.8997405,13760.0,10.0433,4
TIC 368287008,368287008,2015.01,CP,PLANET,Deep (>6000 ppm),12.8387,3.3491408,7210.0,5.37673,3
TIC 22529346,22529346,495.01,KP,PLANET,Deep (>6000 ppm),10.056,1.2749246,18699.0,22.0328,6
TIC 236312126,236312126,2021.01,KP,PLANET,Deep (>6000 ppm),10.5484,3.9415041,21330.0,13.8352,2
TIC 43647325,43647325,423.01,KP,PLANET,Deep (>6000 ppm),10.4408,3.1615697,17482.2328085,14.8619546,3
TIC 239816546,239816546,2570.01,CP,PLANET,Deep (>6000 ppm),11.9775,2.9887654,15493.9490407,14.0699828,6
TIC 56658270,56658270,6963.01,CP,PLANET,Deep (>6000 ppm),12.8131,8.8349261,6132.2553437,9.0595904,6
TIC 85593751,85593751,4516.01,KP,PLANET,Deep (>6000 ppm),10.9332,3.7224626,19962.6105832,11.4694856,3
TIC 39414571,39414571,2364.01,CP,PLANET,Deep (>6000 ppm),11.5521,4.0197555,9750.0,9.57594,1
TIC 147977348,147977348,640.01,CP,PLANET,Deep (>6000 ppm),10.0367,5.0037758,7390.0,19.7788,3
TIC 76923707,76923707,181.01,CP,PLANET,Deep (>6000 ppm),10.4654,4.5320502,7809.0577339,7.4398434,4
TIC 354619337,354619337,5821.01,KP,PLANET,Deep (>6000 ppm),8.08821,2.1425095,7961.0,21.3705,2
TIC 374530847,374530847,5797.01,KP,PLANET,Deep (>6000 ppm),10.9984,2.152163,16986.633013,11.9994427,2
TIC 25375553,25375553,143.01,KP,PLANET,Deep (>6000 ppm),9.77486,2.3109689,6829.4236495,17.30428,5
TIC 14661418,14661418,751.01,KP,PLANET,Deep (>6000 ppm),12.4806,4.722816,22675.3812671,12.0898005,6
TIC 399870368,399870368,624.01,CP,PLANET,Deep (>6000 ppm),9.3371,2.7443216,10071.0,20.1852,2
TIC 81247740,81247740,1855.01,CP,PLANET,Deep (>6000 ppm),10.6503,1.3641482,7820.0,19.5876,1
TIC 157586003,157586003,1626.01,KP,PLANET,Deep (>6000 ppm),12.0545,3.3326189,8310.5066162,15.6399082,7
TIC 257567854,257567854,403.01,KP,PLANET,Deep (>6000 ppm),11.185,3.532822,11283.619423,13.474905,1
TIC 149918151,149918151,3846.01,KP,PLANET,Deep (>6000 ppm),12.9178,1.540776,27310.0,13.3674,4
TIC 209459275,209459275,559.01,CP,PLANET,Deep (>6000 ppm),10.5704,6.9839072,10050.0,12.2398,2
TIC 283419843,283419843,5818.01,KP,PLANET,Deep (>6000 ppm),12.5375,2.6052674,11139.9639243,17.8543699,2
TIC 165297570,165297570,5384.01,KP,PLANET,Deep (>6000 ppm),9.6022,2.9895092,12117.7788754,18.8182218,1
TIC 380255458,380255458,7512.01,KP,PLANET,Deep (>6000 ppm),12.0213,6.569208,14456.0192142,12.3308301,2
TIC 156648452,156648452,3912.01,CP,PLANET,Deep (>6000 ppm),11.8747,3.4936188,9730.0,14.2355,2
TIC 455784423,455784423,3629.01,CP,PLANET,Deep (>6000 ppm),12.7882,3.9365629,15461.0,8.09927,2
TIC 424865156,424865156,1265.01,KP,PLANET,Deep (>6000 ppm),10.0274,2.2047452,6872.0,17.9781,10
TIC 102713734,102713734,2580.01,CP,PLANET,Deep (>6000 ppm),10.8064,3.397862,9960.0,18.3834,3
TIC 230982885,230982885,195.01,KP,PLANET,Deep (>6000 ppm),9.9696,2.0727598,14761.0,14.2954,5
TIC 17746821,17746821,492.01,KP,PLANET,Deep (>6000 ppm),11.3155,3.1220166,6304.9170255,14.3229397,8
TIC 281459670,281459670,110.01,KP,PLANET,Deep (>6000 ppm),11.6714,3.1743504,15457.3247576,14.9172256,10
TIC 268301217,268301217,1937.01,CP,PLANET,Deep (>6000 ppm),12.4933,0.9466787,16490.0,14.6661,7
TIC 127530399,127530399,822.01,KP,PLANET,Deep (>6000 ppm),11.1116,7.1335149,18037.5300175,10.478658,4
TIC 142394656,142394656,1268.01,CP,PLANET,Deep (>6000 ppm),10.1495,8.157721,10273.0,9.31888,8
TIC 271168962,271168962,828.01,KP,PLANET,Deep (>6000 ppm),9.47199,5.3220505,6562.7794806,17.1038087,3
TIC 9443323,9443323,6052.01,KP,PLANET,Deep (>6000 ppm),12.1957,4.01357,8561.4394866,14.9544789,3
TIC 48103627,48103627,657.01,CP,PLANET,Deep (>6000 ppm),12.4399,4.5696698,9861.079392,13.0582928,4
TIC 311408969,311408969,2122.01,KP,PLANET,Deep (>6000 ppm),12.658,3.5852284,16909.228538,14.5431829,6
TIC 210083929,210083929,6130.01,CP,PLANET,Deep (>6000 ppm),10.5581,2.3927114,13405.0,14.5439,1
TIC 138819293,138819293,1796.01,KP,PLANET,Deep (>6000 ppm),8.40346,2.6438856,6404.7051471,3.812114,2
TIC 12862099,12862099,259.01,KP,PLANET,Deep (>6000 ppm),12.3993,2.4238226,16167.1783697,12.2562719,1
TIC 100100827,100100827,185.01,KP,PLANET,Deep (>6000 ppm),8.8287,0.9414525,11445.0,15.342,8
TIC 191284318,191284318,1458.01,KP,PLANET,Deep (>6000 ppm),10.374,2.7759678,13613.0,15.4018,3
TIC 97921547,97921547,6442.01,CP,PLANET,Deep (>6000 ppm),11.1007,2.8279716,14846.0,18.5153,2
TIC 256364928,256364928,4470.01,KP,PLANET,Deep (>6000 ppm),6.8481,2.2185748,25854.2144559,13.3010355,3
TIC 6893917,6893917,5074.01,KP,PLANET,Deep (>6000 ppm),9.02097,3.0801795,8926.432346,17.0613,5
TIC 401125028,401125028,2368.01,CP,PLANET,Deep (>6000 ppm),11.6955,5.1750108,13020.075325,11.4726621,4
TIC 301258470,301258470,7487.01,KP,PLANET,Deep (>6000 ppm),11.9039,12.4563692,10352.6423902,8.7723254,2
TIC 188876052,188876052,5960.01,KP,PLANET,Deep (>6000 ppm),9.7758,3.076329,9490.8396842,14.2287485,2
TIC 151483286,151483286,2818.01,CP,PLANET,Deep (>6000 ppm),11.3944,4.0397189,15110.0,14.2282,2
TIC 104024556,104024556,748.01,KP,PLANET,Deep (>6000 ppm),10.3182,2.0219583,10040.0,20.1548,5
TIC 13021029,13021029,439.01,KP,PLANET,Deep (>6000 ppm),11.7231,3.85589,9747.6035597,14.5222913,3
TIC 12611594,12611594,7493.01,KP,PLANET,Deep (>6000 ppm),12.5866,1.9155258,7383.1867077,13.7417558,1
TIC 231663901,231663901,101.01,KP,PLANET,Deep (>6000 ppm),12.4069,1.4303699,18960.7122944,13.1874503,8
TIC 112604564,112604564,1922.01,KP,PLANET,Deep (>6000 ppm),12.3213,4.5768651,10869.4903086,19.1571223,3
TIC 354469661,354469661,1580.01,KP,PLANET,Deep (>6000 ppm),9.17925,4.7947749,6864.0,18.3428,2
TIC 66818296,66818296,1050.01,KP,PLANET,Deep (>6000 ppm),11.0261,3.7354838,17030.0,21.2315,3
TIC 376524552,376524552,1811.01,CP,PLANET,Deep (>6000 ppm),11.1237,3.7130701,19610.0,11.7215,2
TIC 8599009,8599009,4463.01,CP,PLANET,Deep (>6000 ppm),10.4673,2.88069,10380.0,22.4297,1
TIC 169226822,169226822,675.01,KP,PLANET,Deep (>6000 ppm),9.62959,4.1780637,11478.1087015,14.6952606,6
TIC 198108326,198108326,1844.01,KP,PLANET,Deep (>6000 ppm),11.7551,3.2130578,22530.0,11.0975,5
TIC 70440470,70440470,126.01,KP,PLANET,Deep (>6000 ppm),12.7923,3.0354017,16196.2158157,14.1334903,5
TIC 405717754,405717754,2175.01,KP,PLANET,Deep (>6000 ppm),12.9614,4.4379727,16222.5125043,20.3565337,9
TIC 436478932,436478932,5963.01,KP,PLANET,Deep (>6000 ppm),10.9644,4.3226229,11939.7472843,15.1546943,2
TIC 151825527,151825527,672.01,CP,PLANET,Deep (>6000 ppm),11.6739,3.6335834,8668.4420489,5.1614854,7
TIC 389352124,389352124,2197.01,KP,PLANET,Deep (>6000 ppm),9.0532,4.954648,7357.0,13.0889,4
TIC 92352620,92352620,107.01,KP,PLANET,Deep (>6000 ppm),9.6433,3.9502008,13914.0,20.5357,4
TIC 404467699,404467699,857.01,KP,PLANET,Deep (>6000 ppm),10.2676,3.9080236,8100.0,15.1385,1
TIC 4616072,4616072,466.01,KP,PLANET,Deep (>6000 ppm),12.8893,4.1876154,10906.185708,13.9002369,4
TIC 439842788,439842788,4521.01,KP,PLANET,Deep (>6000 ppm),11.4825,3.0717182,14228.6266087,12.0054949,4
TIC 19028197,19028197,5094.01,KP,PLANET,Deep (>6000 ppm),10.2479,3.3366511,6765.8704326,4.1305078,5
TIC 392476080,392476080,2109.01,CP,PLANET,Deep (>6000 ppm),9.78569,0.67249,7890.0,15.7288,2
TIC 162689341,162689341,1838.01,KP,PLANET,Deep (>6000 ppm),12.423,2.1747062,11173.1929564,14.231871,8
TIC 183532609,183532609,191.01,KP,PLANET,Deep (>6000 ppm),9.1468,8.1587261,15337.0,12.7393,4
TIC 393818343,393818343,6883.01,CP,PLANET,Deep (>6000 ppm),8.9797,16.2499357,13412.0,13.0845,1
TIC 201248411,201248411,129.01,CP,PLANET,Deep (>6000 ppm),9.9005,0.980972,6178.392421,5.9162923,10
TIC 198008005,198008005,858.01,CP,PLANET,Deep (>6000 ppm),10.6444,3.2797206,11148.420202,14.0606451,5
TIC 401604346,401604346,2193.01,CP,PLANET,Deep (>6000 ppm),11.3996,2.1223673,8056.3340252,12.9814367,6
TIC 67666096,67666096,1766.01,KP,PLANET,Deep (>6000 ppm),9.43351,2.7033942,10340.0,16.72,2
TIC 51234631,51234631,1721.01,KP,PLANET,Deep (>6000 ppm),10.1653,4.1250429,8804.0,15.3479,4
TIC 13349647,13349647,567.01,KP,PLANET,Deep (>6000 ppm),12.212,1.5373643,17828.6194882,13.3084502,5
TIC 308172249,308172249,2139.01,KP,PLANET,Deep (>6000 ppm),12.4197,1.4013784,19735.2001267,13.9977478,5
TIC 380589029,380589029,1084.01,KP,PLANET,Deep (>6000 ppm),12.2851,1.3484961,18463.7636682,15.8824638,9
TIC 269217040,269217040,6686.01,KP,PLANET,Deep (>6000 ppm),10.2748,4.1661265,15441.3606576,14.5365629,3
TIC 248075138,248075138,769.01,KP,PLANET,Deep (>6000 ppm),11.3728,4.9816784,18110.0,10.7801,4
TIC 114299824,114299824,1923.01,KP,PLANET,Deep (>6000 ppm),12.9264,4.2042078,12080.0,12.1025,3
TIC 51637609,51637609,6170.01,CP,PLANET,Deep (>6000 ppm),12.1088,2.709631,10819.0,14.9972,1
TIC 129979528,129979528,1599.01,KP,PLANET,Deep (>6000 ppm),7.87611,1.2198382,12160.1096043,18.2179311,3
TIC 166739520,166739520,190.01,KP,PLANET,Deep (>6000 ppm),9.6411,10.0205932,8247.6689406,11.6443829,8
TIC 398943781,398943781,780.01,KP,PLANET,Deep (>6000 ppm),10.7875,3.0524018,22270.0,13.7594,4
TIC 181949561,181949561,5675.01,KP,PLANET,Deep (>6000 ppm),11.3763,4.0552832,23434.8052486,15.8533676,2
TIC 423275733,423275733,578.01,KP,PLANET,Deep (>6000 ppm),12.3368,2.0528684,8982.0803562,17.6267405,5
TIC 145368316,145368316,7472.01,KP,PLANET,Deep (>6000 ppm),11.6123,1.6096874,15269.5334453,14.8160349,1
TIC 248853232,248853232,5823.01,KP,PLANET,Deep (>6000 ppm),8.8628,3.8681492,17259.9935362,12.2658903,3
TIC 26017005,26017005,4535.01,KP,PLANET,Deep (>6000 ppm),12.5489,4.0984741,16869.9465037,14.8366922,5
TIC 233948455,233948455,3612.01,KP,PLANET,Deep (>6000 ppm),12.883,1.4822451,21920.0,14.0641,8
TIC 97766057,97766057,4379.01,CP,PLANET,Deep (>6000 ppm),11.8994,3.2535299,6115.0131399,16.5233245,4
TIC 16740101,16740101,1150.01,KP,PLANET,Deep (>6000 ppm),7.58204,1.4810903,6788.5145388,20.3402421,6
TIC 252479260,252479260,1771.01,KP,PLANET,Deep (>6000 ppm),9.007,3.2122302,14429.0,13.0356,3
TIC 169249234,169249234,2524.01,CP,PLANET,Deep (>6000 ppm),12.1772,7.1858029,11192.4995247,13.1612,5
TIC 165987272,165987272,1840.01,KP,PLANET,Deep (>6000 ppm),9.8469,7.8456075,7020.0,14.2866,2
TIC 437333618,437333618,843.01,KP,PLANET,Deep (>6000 ppm),12.472,4.2986466,15275.7584547,14.2892609,3
TIC 125739286,125739286,1934.01,KP,PLANET,Deep (>6000 ppm),10.5288,4.5111234,11170.0,18.5483,2
TIC 160708862,160708862,1337.01,KP,PLANET,Deep (>6000 ppm),9.8787,3.3448312,13626.0,21.2012,4
TIC 203189770,203189770,1198.01,KP,PLANET,Deep (>6000 ppm),10.4219,3.612771,11794.0,19.3662,5
TIC 373693175,373693175,1810.01,KP,PLANET,Deep (>6000 ppm),11.6281,1.3273482,18850.0,15.4709,3
TIC 368739874,368739874,5680.01,CP,PLANET,Deep (>6000 ppm),12.9463,3.3575477,26240.0,12.6518,1
TIC 347430350,347430350,5631.01,KP,PLANET,Deep (>6000 ppm),9.32423,2.2438471,10310.0,14.2892,1
TIC 413376180,413376180,781.01,KP,PLANET,Deep (>6000 ppm),12.7492,1.3541342,20039.5506701,13.2236638,4
TIC 114749636,114749636,306.01,KP,PLANET,Deep (>6000 ppm),11.7607,4.6027498,7456.7037756,11.7236575,3
TIC 61538902,61538902,752.01,KP,PLANET,Deep (>6000 ppm),11.3743,5.7481323,12259.4473284,13.14269,8
TIC 267263253,267263253,135.01,CP,PLANET,Deep (>6000 ppm),9.2205,4.1269046,10831.0,17.0952,7
TIC 199376584,199376584,1456.01,CP,PLANET,Deep (>6000 ppm),8.0417,18.712253,6066.0,10.3984,7
TIC 291685334,291685334,6021.01,KP,PLANET,Deep (>6000 ppm),12.489,2.0319883,12273.0056923,17.7163979,2
TIC 388909695,388909695,5812.01,KP,PLANET,Deep (>6000 ppm),10.4106,10.1466193,8161.0,11.2199,1
TIC 440777904,440777904,511.01,KP,PLANET,Deep (>6000 ppm),11.3072,3.3552444,11199.9266299,15.4971874,8
TIC 288144647,288144647,6223.01,CP,PLANET,Deep (>6000 ppm),12.6758,3.8553342,6624.0,4.94518,1
TIC 46020827,46020827,7471.01,KP,PLANET,Deep (>6000 ppm),10.4725,9.3911326,6074.3894093,14.4792216,1
TIC 111991770,111991770,820.01,KP,PLANET,Deep (>6000 ppm),10.4445,3.752062,9500.430305,14.937131,2
TIC 286099128,286099128,3422.01,KP,PLANET,Deep (>6000 ppm),12.239,3.7788779,17654.0731284,13.9739571,3
TIC 110178537,110178537,7056.01,KP,PLANET,Deep (>6000 ppm),12.419,2.993282,14780.3009546,21.7455581,1
TIC 201604954,201604954,1066.01,KP,PLANET,Deep (>6000 ppm),11.9707,4.606184,13793.034867,12.962219,5
TIC 327952677,327952677,295.01,KP,PLANET,Deep (>6000 ppm),12.141,3.3969441,10192.131158,14.4039682,3
TIC 281196902,281196902,3755.01,CP,PLANET,Deep (>6000 ppm),12.079,5.5455798,8040.2832674,10.3353813,3
TIC 103751498,103751498,2579.01,KP,PLANET,Deep (>6000 ppm),10.9101,3.7146478,12620.0,15.2308,5
TIC 138294130,138294130,2012.01,KP,PLANET,Deep (>6000 ppm),10.6506,3.0565259,8800.0,15.1633,5
TIC 118956453,118956453,1925.01,KP,PLANET,Deep (>6000 ppm),11.9397,2.3447752,15340.0,13.4487,5
TIC 165464482,165464482,3894.01,CP,PLANET,Deep (>6000 ppm),11.323,4.3345378,10000.0,14.3572,2
TIC 459730973,459730973,5820.01,KP,PLANET,Deep (>6000 ppm),11.07,3.9156848,6668.8007799,16.7083729,2
TIC 429302040,429302040,1905.01,KP,PLANET,Deep (>6000 ppm),10.418,5.72226,25549.0,12.8433,1
TIC 86396382,86396382,1725.01,KP,PLANET,Deep (>6000 ppm),11.0967,1.0914304,15377.7920504,22.6154555,6
TIC 404340025,404340025,834.01,KP,PLANET,Deep (>6000 ppm),10.7036,2.6755521,14340.9908648,16.3355194,6
TIC 310003988,310003988,1629.01,KP,PLANET,Deep (>6000 ppm),11.191,4.5421594,9760.0,17.3816,4
TIC 292152376,292152376,6031.01,KP,PLANET,Deep (>6000 ppm),10.7696,2.1499907,25640.8126075,20.6364944,1
TIC 305243225,305243225,5798.01,KP,PLANET,Deep (>6000 ppm),11.734,1.2129139,14617.2679583,14.1049577,3
TIC 468574941,468574941,2046.01,CP,PLANET,Deep (>6000 ppm),10.996,1.4971447,16266.2491958,16.2528494,6
TIC 380619414,380619414,5144.01,KP,PLANET,Deep (>6000 ppm),10.15,2.6556753,20259.2262626,,3
TIC 393495970,393495970,5142.01,KP,PLANET,Deep (>6000 ppm),11.0658,1.7554285,14716.5922677,12.622985,2
TIC 139528693,139528693,449.01,KP,PLANET,Deep (>6000 ppm),11.8282,2.1751729,7780.6435196,18.7874019,3
TIC 50171060,50171060,7474.01,KP,PLANET,Deep (>6000 ppm),10.0198,1.257813,7385.3106816,12.5706919,1
TIC 420779000,420779000,5632.01,KP,PLANET,Deep (>6000 ppm),10.9016,4.2342153,6137.4069869,7.0962994,1
TIC 158623531,158623531,246.01,KP,PLANET,Deep (>6000 ppm),11.2794,7.8728937,14639.4155321,15.0953,7
TIC 147950620,147950620,1194.01,CP,PLANET,Deep (>6000 ppm),10.4782,2.3106428,6911.0,8.76741,9
TIC 76419763,76419763,2135.01,KP,PLANET,Deep (>6000 ppm),11.3998,2.7884723,14467.6854046,13.9432645,7
TIC 32949762,32949762,2464.01,KP,PLANET,Deep (>6000 ppm),12.3352,3.7684981,19800.0,12.5471,4
TIC 11755687,11755687,7383.01,KP,PLANET,Deep (>6000 ppm),12.4821,3.0522686,15853.2048135,12.6558112,1
TIC 268823307,268823307,2182.01,KP,PLANET,Deep (>6000 ppm),12.7655,3.5484481,7022.0056891,15.2165016,7
TIC 77031414,77031414,241.01,KP,PLANET,Deep (>6000 ppm),10.9571,1.3866519,14246.4665531,12.9811619,4
TIC 232038798,232038798,1909.01,KP,PLANET,Deep (>6000 ppm),11.3187,4.1536624,12310.0,12.7595,6
TIC 115524421,115524421,2064.01,KP,PLANET,Deep (>6000 ppm),11.5906,8.8036803,8360.0,8.9006,4
TIC 53728859,53728859,6013.01,KP,PLANET,Deep (>6000 ppm),12.3396,3.2573898,13770.1931364,12.3569361,2
TIC 237320326,237320326,2414.01,KP,PLANET,Deep (>6000 ppm),12.003,1.7771109,14073.5021163,12.9084635,5
TIC 452808876,452808876,453.01,KP,PLANET,Deep (>6000 ppm),9.538961,2.70582,7500.0,18.4904,2
TIC 240681314,240681314,1477.01,KP,PLANET,Deep (>6000 ppm),10.6496,2.7324809,9548.2806012,18.2785375,3
TIC 361343239,361343239,2977.01,CP,PLANET,Deep (>6000 ppm),11.9383,2.3505698,11210.0,12.9823,3
TIC 287145649,287145649,2981.01,CP,PLANET,Deep (>6000 ppm),12.7533,3.6015056,13630.0,12.3972,2
TIC 240823272,240823272,3693.01,CP,PLANET,Deep (>6000 ppm),11.419,9.0881638,24660.0,12.8974,2
TIC 236445129,236445129,1282.01,KP,PLANET,Deep (>6000 ppm),11.4373,0.9689927,13532.9710157,17.1331258,3
TIC 293687315,293687315,1300.01,KP,PLANET,Deep (>6000 ppm),9.823,2.8716983,8568.0,18.1267,5
TIC 29336129,29336129,2933.01,FP,FALSE_POSITIVE,Shallow (<2500 ppm),12.5246,1.6363822,2383.8690387,10.6745489,2
TIC 284528889,284528889,3999.01,FP,FALSE_POSITIVE,Shallow (<2500 ppm),11.6437,4.112385,2110.0,9.65749,1
TIC 436099179,436099179,5424.01,FP,FALSE_POSITIVE,Shallow (<2500 ppm),12.5284,0.8999342,1720.0,6.8761,2
TIC 457138169,457138169,1770.01,FP,FALSE_POSITIVE,Shallow (<2500 ppm),9.22437,1.0924536,874.580104,6.5935026,2
TIC 316916655,316916655,441.01,FP,FALSE_POSITIVE,Shallow (<2500 ppm),9.19901,2.87436,2490.41,7.91346,2
TIC 274942910,274942910,1325.01,FP,FALSE_POSITIVE,Shallow (<2500 ppm),9.9809,1.0793011,1562.0,3.31116,3
TIC 143350972,143350972,440.01,FP,FALSE_POSITIVE,Shallow (<2500 ppm),7.6818,1.0817,341.533,2.07554,3
TIC 419419534,419419534,3389.01,FP,FALSE_POSITIVE,Shallow (<2500 ppm),10.9144,1.680148,1420.0,9.76407,1
TIC 370877263,370877263,6280.01,FP,FALSE_POSITIVE,Shallow (<2500 ppm),9.927,15.9865412,1451.0,7.52088,1
TIC 186599508,186599508,1592.01,FP,FALSE_POSITIVE,Shallow (<2500 ppm),9.76636,5.6318074,1186.1481873,4.8217692,1
TIC 395773226,395773226,4005.01,FP,FALSE_POSITIVE,Shallow (<2500 ppm),11.7899,3.8471662,1770.0,7.48475,1
TIC 311121985,311121985,1660.01,FP,FALSE_POSITIVE,Shallow (<2500 ppm),9.00007,1.3561596,482.0,4.12493,3
TIC 148233571,148233571,2754.01,FP,FALSE_POSITIVE,Shallow (<2500 ppm),12.2082,0.9422588,1060.0,3.75015,2
TIC 136971594,136971594,1368.01,FP,FALSE_POSITIVE,Shallow (<2500 ppm),9.1384,1.25562,290.0,2.95064,1
TIC 92013169,92013169,882.01,FP,FALSE_POSITIVE,Shallow (<2500 ppm),9.73965,2.3552639,912.0,8.10129,6
TIC 281979481,281979481,274.01,FP,FALSE_POSITIVE,Shallow (<2500 ppm),10.4929,0.5417947,537.9244902,2.8738733,9
TIC 64837857,64837857,6650.03,FP,FALSE_POSITIVE,Shallow (<2500 ppm),10.0252,8.9965133,988.0,4.26079,4
TIC 364107753,364107753,909.01,FP,FALSE_POSITIVE,Shallow (<2500 ppm),7.0514,3.9043855,255.0,1.80937,6
TIC 305943739,305943739,4498.01,FP,FALSE_POSITIVE,Shallow (<2500 ppm),7.948,5.3073459,200.0,2.05347,2
TIC 240148934,240148934,1707.01,FP,FALSE_POSITIVE,Shallow (<2500 ppm),10.3135,2.02365,1710.0,5.96472,3
TIC 42755801,42755801,894.01,FP,FALSE_POSITIVE,Shallow (<2500 ppm),9.1672,4.3433389,1100.0,24.4433,1
TIC 429295277,429295277,1998.01,FP,FALSE_POSITIVE,Shallow (<2500 ppm),10.186,1.10833,1060.0,4.58274,1
TIC 267489265,267489265,1132.01,FP,FALSE_POSITIVE,Shallow (<2500 ppm),9.2293,1.5502952,411.0,3.34528,3
TIC 124709665,124709665,1002.01,FP,FALSE_POSITIVE,Shallow (<2500 ppm),9.299501,1.8675574,1500.0,23.7529,1
TIC 131581531,131581531,3347.01,FP,FALSE_POSITIVE,Shallow (<2500 ppm),12.0536,3.0591641,2110.0,7.01214,1
TIC 274122380,274122380,5262.01,FP,FALSE_POSITIVE,Shallow (<2500 ppm),11.8225,2.873138,1240.0,3.97027,4
TIC 408159788,408159788,420.01,FP,FALSE_POSITIVE,Shallow (<2500 ppm),10.6152,2.300698,780.0,4.87824,2
TIC 354594208,354594208,1492.01,FP,FALSE_POSITIVE,Shallow (<2500 ppm),9.76119,0.86673,662.925,3.54647,2
TIC 138968089,138968089,1429.01,FP,FALSE_POSITIVE,Shallow (<2500 ppm),11.6459,0.6412558,1029.5348333,4.841202,6
TIC 302814895,302814895,5784.01,FP,FALSE_POSITIVE,Shallow (<2500 ppm),9.96017,8.6800186,870.0,5.59572,2
TIC 33690636,33690636,891.01,FP,FALSE_POSITIVE,Shallow (<2500 ppm),11.0427,4.99915,684.271,2.28122,1
TIC 327011842,327011842,1576.01,FP,FALSE_POSITIVE,Shallow (<2500 ppm),9.7828,0.783879,274.5156373,9.6813253,2
TIC 373424049,373424049,742.01,FP,FALSE_POSITIVE,Shallow (<2500 ppm),8.6333,0.961917,363.5801833,7.004838,4
TIC 331034236,331034236,1505.01,FP,FALSE_POSITIVE,Shallow (<2500 ppm),9.27116,3.4272549,569.4677099,7.7503736,5
TIC 356235833,356235833,2111.01,FP,FALSE_POSITIVE,Shallow (<2500 ppm),9.1597,1.2680452,538.0,2.24707,3
TIC 220396259,220396259,379.01,FP,FALSE_POSITIVE,Shallow (<2500 ppm),9.9124,0.91677,276.272,3.12766,10
TIC 447283466,447283466,1028.01,FP,FALSE_POSITIVE,Shallow (<2500 ppm),7.9059,1.01606,240.0,1.20704,6
TIC 210337597,210337597,7324.01,FP,FALSE_POSITIVE,Shallow (<2500 ppm),11.8096,0.5257499,1028.0,2.60517,1
TIC 124095888,124095888,2358.01,FP,FALSE_POSITIVE,Shallow (<2500 ppm),11.5137,1.1258127,1440.0,13.1558,1
TIC 470911286,470911286,3986.01,FP,FALSE_POSITIVE,Shallow (<2500 ppm),12.5225,1.6212474,1100.0,10.3122,3
TIC 161156159,161156159,1988.01,FP,FALSE_POSITIVE,Shallow (<2500 ppm),10.1854,2.2818488,1483.0,7.2854,1
TIC 1950736,1950736,4610.01,FP,FALSE_POSITIVE,Shallow (<2500 ppm),10.0745,3.1129681,585.0,1.5002,2
TIC 259389219,259389219,915.01,FP,FALSE_POSITIVE,Shallow (<2500 ppm),11.2486,2.3250156,1130.0,10.7275,3
TIC 81429971,81429971,598.01,FP,FALSE_POSITIVE,Shallow (<2500 ppm),10.1356,3.0432421,1622.0,11.9045,2
TIC 167098530,167098530,1319.01,FP,FALSE_POSITIVE,Shallow (<2500 ppm),9.3213,0.890967,1100.0,2.89678,1
TIC 276380902,276380902,1525.01,FP,FALSE_POSITIVE,Shallow (<2500 ppm),10.3202,0.6171788,519.0,7.26341,2
TIC 153651591,153651591,607.01,FP,FALSE_POSITIVE,Shallow (<2500 ppm),10.5259,2.1456324,1438.6746953,11.0288578,1
TIC 125894957,125894957,972.01,FP,FALSE_POSITIVE,Shallow (<2500 ppm),10.5484,2.67425,1920.0,178.665,1
TIC 156115721,156115721,1006.01,FP,FALSE_POSITIVE,Shallow (<2500 ppm),9.2386,2.5047918,2270.5402194,8.6950898,1
TIC 467281353,467281353,1975.01,FP,FALSE_POSITIVE,Shallow (<2500 ppm),10.2081,2.8319354,780.0,4.18335,2
TIC 98613492,98613492,6355.01,FP,FALSE_POSITIVE,Shallow (<2500 ppm),11.8275,1.0617107,2369.0,5.85456,2
TIC 126733133,126733133,570.01,FP,FALSE_POSITIVE,Shallow (<2500 ppm),10.027,1.4687098,1567.6508147,9.2129338,7
TIC 67309890,67309890,1484.01,FP,FALSE_POSITIVE,Shallow (<2500 ppm),10.2108,1.1623941,1099.0,8.21669,2
TIC 266688542,266688542,1324.01,FP,FALSE_POSITIVE,Shallow (<2500 ppm),10.1894,2.9424142,1400.0,9.70968,4
TIC 87044036,87044036,5456.01,FP,FALSE_POSITIVE,Shallow (<2500 ppm),12.3128,1.0711292,2030.0,5.8474,2
TIC 154867950,154867950,1652.01,FP,FALSE_POSITIVE,Shallow (<2500 ppm),8.68013,0.6664948,260.0,3.217,9
TIC 11111899,11111899,1313.01,FP,FALSE_POSITIVE,Shallow (<2500 ppm),9.6996,0.6193401,1853.0,8.84136,5
TIC 295354126,295354126,1965.01,FP,FALSE_POSITIVE,Shallow (<2500 ppm),8.177301,2.2778177,880.0,,1
TIC 317397615,317397615,1614.01,FP,FALSE_POSITIVE,Shallow (<2500 ppm),10.2351,0.7438074,633.0,9.77911,1
TIC 62530991,62530991,2585.01,FP,FALSE_POSITIVE,Shallow (<2500 ppm),9.8961,4.0266483,754.0,1.90189,2
TIC 56231866,56231866,6024.01,FP,FALSE_POSITIVE,Shallow (<2500 ppm),9.3185,2.7218347,560.0,14.1545,2
TIC 141631253,141631253,2987.01,FP,FALSE_POSITIVE,Shallow (<2500 ppm),10.8521,1.6709011,1210.5574745,5.3730452,2
TIC 59003115,59003115,556.01,FP,FALSE_POSITIVE,Shallow (<2500 ppm),11.3075,2.294185,697.472004,1.95611,6
TIC 106114491,106114491,5876.01,FP,FALSE_POSITIVE,Shallow (<2500 ppm),10.6372,9.7216312,1830.0,7.28362,4
TIC 358186451,358186451,3578.01,FP,FALSE_POSITIVE,Shallow (<2500 ppm),10.9683,1.3176767,530.0,4.16809,2
TIC 35315453,35315453,4412.01,FP,FALSE_POSITIVE,Shallow (<2500 ppm),10.2956,2.0341073,1090.8647356,6.2926435,3
TIC 253990973,253990973,1061.01,FP,FALSE_POSITIVE,Shallow (<2500 ppm),9.7345,0.540933,257.347459,2.28501,1
TIC 459942762,459942762,430.01,FP,FALSE_POSITIVE,Shallow (<2500 ppm),8.2482,0.58644,443.281,2.31276,2
TIC 284747017,284747017,3746.01,FP,FALSE_POSITIVE,Shallow (<2500 ppm),11.7603,1.8012697,1800.0,3.19942,4
TIC 193708920,193708920,3562.01,FP,FALSE_POSITIVE,Shallow (<2500 ppm),11.9635,1.3298469,2190.0,6.98364,1
TIC 285542903,285542903,2060.01,FP,FALSE_POSITIVE,Shallow (<2500 ppm),9.8722,2.2657506,388.0,8.00485,2
TIC 112395568,112395568,1053.01,FP,FALSE_POSITIVE,Shallow (<2500 ppm),8.8849,5.742625,1105.760867,13.088532,4
TIC 262781201,262781201,6096.01,FP,FALSE_POSITIVE,Shallow (<2500 ppm),9.34567,1.3154261,285.0,2.42354,2
TIC 145027461,145027461,604.01,FP,FALSE_POSITIVE,Shallow (<2500 ppm),10.4029,1.07242,632.189,22.0397,1
TIC 285666479,285666479,1569.01,FP,FALSE_POSITIVE,Shallow (<2500 ppm),10.424,1.71614,681.449,14.1349,2
TIC 377290815,377290815,1813.01,FP,FALSE_POSITIVE,Shallow (<2500 ppm),9.91892,0.798,190.0,2.95586,6
TIC 278726770,278726770,6654.01,FP,FALSE_POSITIVE,Shallow (<2500 ppm),10.1032,9.5160032,527.949401,22.3960028,10
TIC 357536526,357536526,1945.01,FP,FALSE_POSITIVE,Shallow (<2500 ppm),10.6707,1.57363,710.0,7.59717,3
TIC 378355116,378355116,2054.01,FP,FALSE_POSITIVE,Shallow (<2500 ppm),10.7633,3.5684459,939.0,5.87762,6
TIC 172630205,172630205,2856.01,FP,FALSE_POSITIVE,Shallow (<2500 ppm),12.6989,0.599092,1290.0,11.5931,1
TIC 275248683,275248683,717.01,FP,FALSE_POSITIVE,Shallow (<2500 ppm),11.4407,0.53079,1113.07,,5
TIC 238597883,238597883,1004.01,FP,FALSE_POSITIVE,Shallow (<2500 ppm),9.1355,3.5730141,755.0,11.3113,1
TIC 115564354,115564354,5418.01,FP,FALSE_POSITIVE,Shallow (<2500 ppm),11.6985,1.6421819,1100.0,2.54445,4
TIC 129319156,129319156,1089.01,FP,FALSE_POSITIVE,Shallow (<2500 ppm),10.3918,4.73703,2410.0,25.7144,1
TIC 123106490,123106490,2874.01,FP,FALSE_POSITIVE,Shallow (<2500 ppm),11.3002,3.3004862,2403.5706041,8.5365984,2
TIC 69672493,69672493,5079.01,FP,FALSE_POSITIVE,Shallow (<2500 ppm),9.642901,1.4920726,907.0,2.23482,1
TIC 400595342,400595342,1034.01,FP,FALSE_POSITIVE,Shallow (<2500 ppm),9.8174,3.6404389,476.3077321,3.7025342,2
TIC 409459226,409459226,973.01,FP,FALSE_POSITIVE,Shallow (<2500 ppm),10.5816,1.27997,790.0,285.674,2
TIC 287190564,287190564,1309.01,FP,FALSE_POSITIVE,Shallow (<2500 ppm),10.6229,1.49861,2188.61,,2
TIC 293567206,293567206,2173.01,FP,FALSE_POSITIVE,Shallow (<2500 ppm),10.4929,0.6856225,723.0,3.35129,3
TIC 100589632,100589632,2342.01,FP,FALSE_POSITIVE,Shallow (<2500 ppm),11.1581,3.9471567,1880.0,3.86968,1
TIC 399642071,399642071,4337.01,FP,FALSE_POSITIVE,Shallow (<2500 ppm),11.1567,2.2887763,1890.6463423,2.8057654,4
TIC 122485078,122485078,1650.01,FP,FALSE_POSITIVE,Shallow (<2500 ppm),10.0106,9.1505,1370.0,11.1497,1
TIC 185226925,185226925,5257.01,FP,FALSE_POSITIVE,Shallow (<2500 ppm),12.1624,3.1979646,2060.0,12.9757,5
TIC 23113034,23113034,5075.01,FP,FALSE_POSITIVE,Shallow (<2500 ppm),8.3482,1.7134571,355.0,4.95462,2
TIC 177722855,177722855,971.01,FP,FALSE_POSITIVE,Shallow (<2500 ppm),10.5224,2.3960724,680.0,3.54571,1
TIC 339733013,339733013,417.01,FP,FALSE_POSITIVE,Shallow (<2500 ppm),10.0793,5.62162,580.083,3.35879,9
TIC 322202434,322202434,1617.01,FP,FALSE_POSITIVE,Shallow (<2500 ppm),10.2505,1.4013505,1532.0,3.7143,5
TIC 1400212743,1400212743,2113.01,FP,FALSE_POSITIVE,Shallow (<2500 ppm),10.5163,5.24612,1030.0,5.61881,5
TIC 279989567,279989567,2744.01,FP,FALSE_POSITIVE,Shallow (<2500 ppm),11.4746,0.787177,1350.0,,1
TIC 115446313,115446313,2284.01,FP,FALSE_POSITIVE,Shallow (<2500 ppm),9.88372,4.9707023,487.0,2.38733,5
TIC 365683032,365683032,1354.01,FP,FALSE_POSITIVE,Shallow (<2500 ppm),8.78822,1.4287976,1768.0,9.00484,5
TIC 149282072,149282072,4461.01,FP,FALSE_POSITIVE,Shallow (<2500 ppm),10.4787,3.7006742,840.0,2.61277,2
TIC 63303499,63303499,644.01,FP,FALSE_POSITIVE,Shallow (<2500 ppm),10.194,1.9271328,585.8978628,2.3659,2
TIC 186000935,186000935,1304.01,FP,FALSE_POSITIVE,Shallow (<2500 ppm),9.76577,8.8735214,1949.0,6.0401,2
TIC 134396419,134396419,600.01,FP,FALSE_POSITIVE,Shallow (<2500 ppm),10.2681,4.3652608,1362.0,,2
TIC 315755496,315755496,2053.01,FP,FALSE_POSITIVE,Shallow (<2500 ppm),10.5008,4.27808,1096.6013542,17.8096125,7
TIC 17416749,17416749,2118.01,FP,FALSE_POSITIVE,Shallow (<2500 ppm),8.63532,2.34483,370.0,4.2647,2
TIC 407394748,407394748,1623.01,FP,FALSE_POSITIVE,Shallow (<2500 ppm),9.5287,0.7522775,1301.0,6.75509,6
TIC 136848581,136848581,1314.01,FP,FALSE_POSITIVE,Shallow (<2500 ppm),9.90482,2.6400663,1328.0,18.2671,6
TIC 363260203,363260203,1037.01,FP,FALSE_POSITIVE,Shallow (<2500 ppm),9.0211,1.2025238,390.0,6.31106,2
TIC 139853601,139853601,1010.01,FP,FALSE_POSITIVE,Shallow (<2500 ppm),8.45086,0.6808702,1507.8006889,5.9115908,1
TIC 37575651,37575651,568.01,FP,FALSE_POSITIVE,Shallow (<2500 ppm),8.2866,9.5971977,600.5813487,,3
TIC 341805908,341805908,4394.01,FP,FALSE_POSITIVE,Shallow (<2500 ppm),10.3355,1.491916,1474.3347879,26.399811,3
TIC 69997672,69997672,1133.01,FP,FALSE_POSITIVE,Shallow (<2500 ppm),9.11458,1.80709,450.0,4.86242,3
TIC 416624606,416624606,1359.01,FP,FALSE_POSITIVE,Shallow (<2500 ppm),10.2732,2.5152549,1870.0,13.4294,1
TIC 387413037,387413037,1523.01,FP,FALSE_POSITIVE,Shallow (<2500 ppm),10.3197,6.72694,1070.0,5.19273,1
TIC 388076005,388076005,1622.01,FP,FALSE_POSITIVE,Shallow (<2500 ppm),9.39435,1.7126115,340.0,2.01928,2
TIC 355636844,355636844,146.01,FP,FALSE_POSITIVE,Shallow (<2500 ppm),10.7124,6.30556,860.0,,2
TIC 327663613,327663613,1950.01,FP,FALSE_POSITIVE,Shallow (<2500 ppm),8.4215,1.41144,414.379,,1
TIC 319968129,319968129,5070.01,FP,FALSE_POSITIVE,Shallow (<2500 ppm),10.3879,6.216994,2060.0,7.46488,2
TIC 429414530,429414530,3631.01,FP,FALSE_POSITIVE,Shallow (<2500 ppm),11.963,2.6340964,2250.0,4.1106,1
TIC 47617038,47617038,4330.01,FP,FALSE_POSITIVE,Shallow (<2500 ppm),7.6581,3.3513304,400.0,17.7728,1
TIC 241174783,241174783,5381.01,FP,FALSE_POSITIVE,Shallow (<2500 ppm),9.54224,4.0802864,516.622925,6.300967,2
TIC 131419878,131419878,720.01,FP,FALSE_POSITIVE,Shallow (<2500 ppm),8.8154,3.16043,203.33,2.38866,5
TIC 93963408,93963408,994.01,FP,FALSE_POSITIVE,Shallow (<2500 ppm),10.0267,2.396722,384.8985474,3.8384486,1
TIC 256621916,256621916,1342.01,FP,FALSE_POSITIVE,Shallow (<2500 ppm),10.4243,1.4136455,2427.0,,3
TIC 256886630,256886630,1323.01,FP,FALSE_POSITIVE,Shallow (<2500 ppm),8.26618,2.03905,430.0,6.42307,2
TIC 440801822,440801822,1008.01,FP,FALSE_POSITIVE,Shallow (<2500 ppm),8.9362,2.0483755,483.0,3.19621,4
TIC 207084429,207084429,381.01,FP,FALSE_POSITIVE,Shallow (<2500 ppm),7.1995,4.89577,360.0,3.30734,7
TIC 410245915,410245915,725.01,FP,FALSE_POSITIVE,Shallow (<2500 ppm),10.2658,0.9889446,979.0,7.2993,2
TIC 406190563,406190563,4500.01,FP,FALSE_POSITIVE,Shallow (<2500 ppm),10.351,1.773346,710.0,7.95884,2
TIC 439610306,439610306,2004.01,FP,FALSE_POSITIVE,Shallow (<2500 ppm),9.0607,1.79988,180.0,3.32197,2
TIC 147895461,147895461,5258.01,FP,FALSE_POSITIVE,Shallow (<2500 ppm),12.4322,0.5919629,2450.0,9.90447,2
TIC 357457104,357457104,1330.01,FP,FALSE_POSITIVE,Shallow (<2500 ppm),9.521,1.748054,670.0,,8
TIC 347098457,347098457,976.01,FP,FALSE_POSITIVE,Shallow (<2500 ppm),10.4856,3.1510408,2025.1072724,297.1117262,1
TIC 127476180,127476180,981.01,FP,FALSE_POSITIVE,Shallow (<2500 ppm),10.2957,1.6038093,1190.6782952,4.6692325,1
TIC 341444900,341444900,6023.01,FP,FALSE_POSITIVE,Shallow (<2500 ppm),8.629,9.0330414,227.0,7.35267,3
TIC 431899140,431899140,1596.01,FP,FALSE_POSITIVE,Shallow (<2500 ppm),10.0888,1.9734615,1295.0,16.6678,1
TIC 29960109,29960109,393.01,FP,FALSE_POSITIVE,Shallow (<2500 ppm),11.2003,2.49221,1480.0,1.71311,2
TIC 339636032,339636032,688.01,FP,FALSE_POSITIVE,Shallow (<2500 ppm),8.5885,6.8787507,359.0,3.45801,10
TIC 331484419,331484419,5811.01,FP,FALSE_POSITIVE,Shallow (<2500 ppm),7.74689,6.25656,875.0,11.4949,1
TIC 144956678,144956678,596.01,FP,FALSE_POSITIVE,Shallow (<2500 ppm),9.9071,1.5136003,745.1393405,8.3090193,2
TIC 344085117,344085117,2365.01,FP,FALSE_POSITIVE,Shallow (<2500 ppm),11.9732,0.659752,1138.1047916,4.3019481,5
TIC 369864738,369864738,1112.01,FP,FALSE_POSITIVE,Shallow (<2500 ppm),9.5162,2.7817956,637.6922029,4.9417493,3
TIC 239372503,239372503,4502.01,FP,FALSE_POSITIVE,Shallow (<2500 ppm),8.716291,0.8560277,247.0,3.15801,4
TIC 303055194,303055194,5804.01,FP,FALSE_POSITIVE,Shallow (<2500 ppm),9.78095,1.7615631,1050.0,6.69058,1
TIC 271439193,271439193,3963.01,FP,FALSE_POSITIVE,Shallow (<2500 ppm),12.2996,6.2329571,2367.0,14.2956,6
TIC 180987952,180987952,581.01,FP,FALSE_POSITIVE,Shallow (<2500 ppm),9.5287,1.38917,787.5039579,5.0603662,5
TIC 49967354,49967354,2164.01,FP,FALSE_POSITIVE,Shallow (<2500 ppm),10.879,1.09333,1250.0,12.2642,2
TIC 206466531,206466531,410.01,FP,FALSE_POSITIVE,Shallow (<2500 ppm),10.0081,1.42744,450.0,7.86301,4
TIC 258402425,258402425,2156.01,FP,FALSE_POSITIVE,Shallow (<2500 ppm),9.87437,0.67554,680.0,15.6973,3
TIC 389182138,389182138,1391.01,FP,FALSE_POSITIVE,Shallow (<2500 ppm),10.4602,2.7260173,1165.0,4.98036,1
TIC 161450762,161450762,1155.01,FP,FALSE_POSITIVE,Shallow (<2500 ppm),9.711,1.32003,552.468,,1
TIC 274662200,274662200,1285.01,FP,FALSE_POSITIVE,Shallow (<2500 ppm),10.9313,1.2284388,1229.4965125,1.866263,6
TIC 93594834,93594834,980.01,FP,FALSE_POSITIVE,Shallow (<2500 ppm),10.3138,1.3387555,357.2449276,4.1672558,1
TIC 260849386,260849386,2400.01,FP,FALSE_POSITIVE,Shallow (<2500 ppm),10.7961,1.0339,520.0,5.37338,3
TIC 224418572,224418572,5830.01,FP,FALSE_POSITIVE,Shallow (<2500 ppm),11.8512,2.8465928,2110.0,8.8779,1
TIC 117256577,117256577,1156.01,FP,FALSE_POSITIVE,Shallow (<2500 ppm),9.7032,1.6865822,1770.0,,4
TIC 192372961,192372961,1593.01,FP,FALSE_POSITIVE,Shallow (<2500 ppm),9.1222,2.06313,600.0,11.9118,1
TIC 463203560,463203560,2958.01,FP,FALSE_POSITIVE,Shallow (<2500 ppm),10.6758,1.9905105,2270.0,5.94241,3
TIC 118021229,118021229,614.01,FP,FALSE_POSITIVE,Shallow (<2500 ppm),9.947331,0.88501,820.279,6.77007,1
TIC 19155785,19155785,4605.01,FP,FALSE_POSITIVE,Shallow (<2500 ppm),10.2207,3.1442556,2095.0,4.69096,1
TIC 357538688,357538688,3044.01,FP,FALSE_POSITIVE,Shallow (<2500 ppm),11.5088,13.2681095,2140.0,11.9718,3
TIC 349786918,349786918,2246.01,FP,FALSE_POSITIVE,Shallow (<2500 ppm),9.9676,2.9663389,192.3691435,2.2297605,10
TIC 261258875,261258875,927.01,FP,FALSE_POSITIVE,Shallow (<2500 ppm),9.2691,2.5852,290.0,4.66502,7
TIC 242536549,242536549,1953.01,FP,FALSE_POSITIVE,Shallow (<2500 ppm),9.5187,0.6923563,810.0,10.6207,1
TIC 138497780,138497780,3808.01,FP,FALSE_POSITIVE,Medium (2500-10000 ppm),12.2337,3.6754815,9843.1330115,22.3487036,6
TIC 148659924,148659924,983.01,FP,FALSE_POSITIVE,Medium (2500-10000 ppm),10.3437,7.3816254,2546.0,,1
TIC 468845640,468845640,1396.01,FP,FALSE_POSITIVE,Medium (2500-10000 ppm),10.3217,3.99307,3892.81,6.35126,3
TIC 383531859,383531859,1977.01,FP,FALSE_POSITIVE,Medium (2500-10000 ppm),9.5918,17.0614756,2730.0,17.1048027,5
TIC 285233023,285233023,6298.01,FP,FALSE_POSITIVE,Medium (2500-10000 ppm),12.4487,2.8577028,2695.0,7.78724,1
TIC 434234955,434234955,944.01,FP,FALSE_POSITIVE,Medium (2500-10000 ppm),11.3818,6.0588453,2740.0,35.2541,3
TIC 460140752,460140752,1947.01,FP,FALSE_POSITIVE,Medium (2500-10000 ppm),8.9301,12.0077462,2921.0,,2
TIC 347011522,347011522,3996.01,FP,FALSE_POSITIVE,Medium (2500-10000 ppm),12.0205,17.2045725,3770.0,21.5086,1
TIC 278968371,278968371,3508.01,FP,FALSE_POSITIVE,Medium (2500-10000 ppm),12.4162,1.2997811,7140.0,13.6803,1
TIC 101497191,101497191,690.01,FP,FALSE_POSITIVE,Medium (2500-10000 ppm),10.298,3.64376,3632.91,,3
TIC 294500964,294500964,2550.01,FP,FALSE_POSITIVE,Medium (2500-10000 ppm),10.7757,9.0702531,3806.1953378,5.7395383,8
TIC 96291218,96291218,1678.01,FP,FALSE_POSITIVE,Medium (2500-10000 ppm),10.3614,13.7058173,5788.0,20.2141,3
TIC 346418409,346418409,1423.01,FP,FALSE_POSITIVE,Medium (2500-10000 ppm),10.9243,2.7556532,2854.4589288,6.4145519,4
TIC 49899799,49899799,416.01,FP,FALSE_POSITIVE,Medium (2500-10000 ppm),8.28222,7.0114,8970.0,18.1417,2
TIC 16187321,16187321,3542.01,FP,FALSE_POSITIVE,Medium (2500-10000 ppm),11.7211,4.2021893,9310.0,14.1363,3
TIC 9033144,9033144,367.01,FP,FALSE_POSITIVE,Medium (2500-10000 ppm),9.74346,4.7150255,4566.0,17.6148,4
TIC 376682699,376682699,1511.01,FP,FALSE_POSITIVE,Medium (2500-10000 ppm),10.381,1.1025238,2919.0,15.8737,2
TIC 291555748,291555748,1018.01,FP,FALSE_POSITIVE,Medium (2500-10000 ppm),10.6254,4.95912,7440.0,22.9123,3
TIC 277871306,277871306,2664.01,FP,FALSE_POSITIVE,Medium (2500-10000 ppm),10.1483,3.9602774,6193.0,24.4489,4
TIC 220518305,220518305,156.01,FP,FALSE_POSITIVE,Medium (2500-10000 ppm),10.294,14.1520377,3180.4559232,8.3011604,3
TIC 116257066,116257066,3728.01,FP,FALSE_POSITIVE,Medium (2500-10000 ppm),11.1843,6.5019596,7130.0,,4
TIC 147340931,147340931,1992.01,FP,FALSE_POSITIVE,Medium (2500-10000 ppm),10.5287,4.3114812,6360.0,16.7632,1
TIC 466318137,466318137,3153.01,FP,FALSE_POSITIVE,Medium (2500-10000 ppm),11.2789,1.1216021,3599.1066292,,2
TIC 294090620,294090620,587.01,FP,FALSE_POSITIVE,Medium (2500-10000 ppm),7.81307,8.044239,4937.505363,15.1761031,4
TIC 374400599,374400599,1582.01,FP,FALSE_POSITIVE,Medium (2500-10000 ppm),10.0188,1.8932775,3415.0,21.043,1
TIC 317951248,317951248,995.01,FP,FALSE_POSITIVE,Medium (2500-10000 ppm),10.0781,3.4438,7260.75,,1
TIC 138017750,138017750,1608.01,FP,FALSE_POSITIVE,Medium (2500-10000 ppm),7.42812,2.4727425,2929.0,23.6289,3
TIC 17129975,17129975,6969.01,FP,FALSE_POSITIVE,Medium (2500-10000 ppm),12.367,1.5142292,5271.4558635,11.6042711,1
TIC 249812036,249812036,1378.01,FP,FALSE_POSITIVE,Medium (2500-10000 ppm),9.624,5.7785318,4990.0,42.6903,6
TIC 192520375,192520375,4251.01,FP,FALSE_POSITIVE,Medium (2500-10000 ppm),12.5405,0.9109508,4720.0,13.0531,1
TIC 307377219,307377219,5434.01,FP,FALSE_POSITIVE,Medium (2500-10000 ppm),12.4151,4.1629444,3670.0,11.633,2
TIC 308050066,308050066,679.01,FP,FALSE_POSITIVE,Medium (2500-10000 ppm),9.99028,11.1755425,7873.0,17.5706,5
TIC 155114483,155114483,1370.01,FP,FALSE_POSITIVE,Medium (2500-10000 ppm),9.25068,5.2651271,3450.0,11.2446,3
TIC 119081096,119081096,716.01,FP,FALSE_POSITIVE,Medium (2500-10000 ppm),12.4268,0.83707,2745.5,2.98849,2
TIC 206498307,206498307,2413.01,FP,FALSE_POSITIVE,Medium (2500-10000 ppm),11.3882,13.4190392,4668.5368695,12.4259675,2
TIC 117068362,117068362,6152.01,FP,FALSE_POSITIVE,Medium (2500-10000 ppm),12.1566,4.2005957,4448.0,11.3204,1
TIC 384045439,384045439,1496.01,FP,FALSE_POSITIVE,Medium (2500-10000 ppm),10.0478,10.82661,5890.0,11.5303,2
TIC 22843856,22843856,1644.01,FP,FALSE_POSITIVE,Medium (2500-10000 ppm),9.8203,1.8497201,5750.0,11.2477,7
TIC 375199523,375199523,5892.01,FP,FALSE_POSITIVE,Medium (2500-10000 ppm),11.6866,1.9447712,2880.0,13.5597,1
TIC 284050395,284050395,1568.01,FP,FALSE_POSITIVE,Medium (2500-10000 ppm),9.74734,1.35932,2840.0,10.3751,1
TIC 147576037,147576037,1157.01,FP,FALSE_POSITIVE,Medium (2500-10000 ppm),9.6043,13.0727479,4080.0,35.7944,5
TIC 130191319,130191319,3379.01,FP,FALSE_POSITIVE,Medium (2500-10000 ppm),12.1038,1.6117444,3120.0,6.63491,1
TIC 408549705,408549705,5189.01,FP,FALSE_POSITIVE,Medium (2500-10000 ppm),12.9177,9.5064017,8710.0,14.3253,5
TIC 353586703,353586703,6398.01,FP,FALSE_POSITIVE,Medium (2500-10000 ppm),12.1953,3.0043128,6000.0,12.1874,1
TIC 464067218,464067218,3059.01,FP,FALSE_POSITIVE,Medium (2500-10000 ppm),11.2012,1.3934565,2530.0,,3
TIC 67926921,67926921,1712.01,FP,FALSE_POSITIVE,Medium (2500-10000 ppm),9.9841,3.566276,3870.0,20.2251,1
TIC 382331352,382331352,1093.01,FP,FALSE_POSITIVE,Medium (2500-10000 ppm),10.0067,11.47606,3050.0,,1
TIC 350995812,350995812,1145.01,FP,FALSE_POSITIVE,Medium (2500-10000 ppm),8.5011,2.97164,7350.0,,6
TIC 250386181,250386181,390.01,FP,FALSE_POSITIVE,Medium (2500-10000 ppm),9.89377,1.470258,2700.0,12.2412,2
TIC 35377903,35377903,6693.01,FP,FALSE_POSITIVE,Medium (2500-10000 ppm),10.3313,2.9937587,3142.6522925,11.4183899,2
TIC 325172035,325172035,1939.01,FP,FALSE_POSITIVE,Medium (2500-10000 ppm),8.2376,2.8970202,3080.9239308,,2
TIC 408729765,408729765,4139.01,FP,FALSE_POSITIVE,Medium (2500-10000 ppm),12.9551,4.6200781,3480.0,7.04607,2
TIC 321436679,321436679,3733.01,FP,FALSE_POSITIVE,Medium (2500-10000 ppm),12.6396,2.1263167,7318.4567789,22.1075367,2
TIC 151930063,151930063,2872.01,FP,FALSE_POSITIVE,Medium (2500-10000 ppm),12.8919,5.2201338,6040.0,14.7463,2
TIC 197959526,197959526,2303.01,FP,FALSE_POSITIVE,Medium (2500-10000 ppm),11.8199,0.7196291,4971.1456595,12.2917419,1
TIC 312548415,312548415,3981.01,FP,FALSE_POSITIVE,Medium (2500-10000 ppm),12.9165,2.2437501,2880.0,10.0826,2
TIC 366074069,366074069,1521.01,FP,FALSE_POSITIVE,Medium (2500-10000 ppm),9.78876,4.1812866,4280.0,15.448,2
TIC 324395151,324395151,1989.01,FP,FALSE_POSITIVE,Medium (2500-10000 ppm),10.2581,3.4551479,5191.7260014,,2
TIC 253030300,253030300,3795.01,FP,FALSE_POSITIVE,Medium (2500-10000 ppm),12.2361,2.8300213,3790.0,6.47417,2
TIC 450327768,450327768,1788.01,FP,FALSE_POSITIVE,Medium (2500-10000 ppm),10.1883,5.34326,6980.0,10.4171,1
TIC 319735319,319735319,2779.01,FP,FALSE_POSITIVE,Medium (2500-10000 ppm),12.4889,2.9038027,5860.0,13.4427,1
TIC 358072664,358072664,4902.01,FP,FALSE_POSITIVE,Medium (2500-10000 ppm),12.8989,4.1934945,2710.0,9.49438,1
TIC 34551972,34551972,3678.01,FP,FALSE_POSITIVE,Medium (2500-10000 ppm),10.5873,4.8542148,7842.3157995,18.9133256,5
TIC 369861731,369861731,3306.01,FP,FALSE_POSITIVE,Medium (2500-10000 ppm),12.3483,3.8780401,5030.0,8.5758,1
TIC 268042363,268042363,2828.01,FP,FALSE_POSITIVE,Medium (2500-10000 ppm),12.9858,4.6141256,4920.0,10.7957,2
TIC 13023738,13023738,360.01,FP,FALSE_POSITIVE,Medium (2500-10000 ppm),12.2524,8.0635,5180.0,24.3071,1
TIC 355732304,355732304,5839.01,FP,FALSE_POSITIVE,Medium (2500-10000 ppm),12.3367,2.5411063,8720.0,16.4931,2
TIC 121966220,121966220,1688.01,FP,FALSE_POSITIVE,Medium (2500-10000 ppm),10.8001,6.7171913,9138.715071,22.875658,3
TIC 73244652,73244652,6396.01,FP,FALSE_POSITIVE,Medium (2500-10000 ppm),11.8431,8.2100724,4190.0,15.5396,2
TIC 160268701,160268701,1143.01,FP,FALSE_POSITIVE,Medium (2500-10000 ppm),8.63287,11.2071839,3276.0,17.4989,4
TIC 314724818,314724818,4368.01,FP,FALSE_POSITIVE,Medium (2500-10000 ppm),10.0199,4.4518604,3558.2211894,34.0312942,2
TIC 393251073,393251073,3796.01,FP,FALSE_POSITIVE,Medium (2500-10000 ppm),11.6387,14.9857436,9980.0,9.39924,1
TIC 33153766,33153766,653.01,FP,FALSE_POSITIVE,Medium (2500-10000 ppm),8.5234,0.68831,3983.64,21.715,4
TIC 146244533,146244533,3358.01,FP,FALSE_POSITIVE,Medium (2500-10000 ppm),10.5387,8.8088443,3550.0,10.7596,2
TIC 303867090,303867090,3049.01,FP,FALSE_POSITIVE,Medium (2500-10000 ppm),12.4092,1.3168344,3640.0,,1
TIC 325680697,325680697,414.01,FP,FALSE_POSITIVE,Medium (2500-10000 ppm),9.15779,1.82488,2950.0,24.8366,2
TIC 172871230,172871230,5273.01,FP,FALSE_POSITIVE,Medium (2500-10000 ppm),12.2794,3.4100261,5200.0,7.9526,3
TIC 20988926,20988926,5862.01,FP,FALSE_POSITIVE,Medium (2500-10000 ppm),12.0997,5.3194765,3640.0,15.9815,3
TIC 141776043,141776043,962.01,FP,FALSE_POSITIVE,Medium (2500-10000 ppm),11.2295,4.06269,4210.0,,1
TIC 309436531,309436531,3217.01,FP,FALSE_POSITIVE,Medium (2500-10000 ppm),12.3297,3.2136333,7810.0,11.1273,1
TIC 219466803,219466803,5275.01,FP,FALSE_POSITIVE,Medium (2500-10000 ppm),12.9179,12.5951009,4280.0,8.14346,3
TIC 63013648,63013648,5547.01,FP,FALSE_POSITIVE,Medium (2500-10000 ppm),10.8481,19.6304978,7651.8898952,14.0835896,4
TIC 237185205,237185205,1191.01,FP,FALSE_POSITIVE,Medium (2500-10000 ppm),9.7831,15.7335693,2540.0,24.3218,6
TIC 101929303,101929303,1171.01,FP,FALSE_POSITIVE,Medium (2500-10000 ppm),10.3075,11.1876137,4924.0,31.8624,3
TIC 367099243,367099243,1365.01,FP,FALSE_POSITIVE,Medium (2500-10000 ppm),10.4849,1.8286961,7283.0,21.4433,1
TIC 120602501,120602501,1366.01,FP,FALSE_POSITIVE,Medium (2500-10000 ppm),8.48216,14.8626982,8264.2193919,26.5090911,3
TIC 385624852,385624852,1041.01,FP,FALSE_POSITIVE,Medium (2500-10000 ppm),8.0981,8.30792,8350.0,43.1068,6
TIC 284305328,284305328,4019.01,FP,FALSE_POSITIVE,Medium (2500-10000 ppm),12.6967,2.2963814,7950.0,20.9239,2
TIC 320536216,320536216,986.01,FP,FALSE_POSITIVE,Medium (2500-10000 ppm),10.1796,0.5476699,2886.4723578,9.8687799,8
TIC 188989177,188989177,433.01,FP,FALSE_POSITIVE,Medium (2500-10000 ppm),9.1414,1.17409,3680.0,49.6799,2
TIC 386435344,386435344,575.01,FP,FALSE_POSITIVE,Medium (2500-10000 ppm),8.77728,19.3721051,3219.5594645,17.4598301,5
TIC 113919944,113919944,5353.01,FP,FALSE_POSITIVE,Medium (2500-10000 ppm),12.55,1.2297408,4020.0,9.99875,2
TIC 319068154,319068154,1541.01,FP,FALSE_POSITIVE,Medium (2500-10000 ppm),9.7436,3.7983639,3194.0,13.7263,1
TIC 261141602,261141602,6989.01,FP,FALSE_POSITIVE,Medium (2500-10000 ppm),11.9409,1.4956727,3708.0,6.10516,1
TIC 183979262,183979262,183.01,FP,FALSE_POSITIVE,Medium (2500-10000 ppm),8.3291,3.4307565,9664.2985634,29.7749124,6
TIC 1133072,1133072,566.01,FP,FALSE_POSITIVE,Medium (2500-10000 ppm),12.625,0.846542,2524.567663,1.642414,3
TIC 289988797,289988797,4178.01,FP,FALSE_POSITIVE,Medium (2500-10000 ppm),10.0415,2.2042212,4250.0,9.78883,1
TIC 437740083,437740083,6242.01,FP,FALSE_POSITIVE,Medium (2500-10000 ppm),11.0999,5.6020298,6146.0,11.3612,1
TIC 193628179,193628179,5198.01,FP,FALSE_POSITIVE,Medium (2500-10000 ppm),11.9993,3.2623468,8540.0,13.2175,4
TIC 457939414,457939414,1990.01,FP,FALSE_POSITIVE,Medium (2500-10000 ppm),10.1574,3.7899524,4345.4373432,11.7871267,3
TIC 444413256,444413256,3989.01,FP,FALSE_POSITIVE,Medium (2500-10000 ppm),11.9551,4.0104917,6051.0,,2
TIC 101395259,101395259,623.01,FP,FALSE_POSITIVE,Medium (2500-10000 ppm),10.1913,7.574675,6208.0649305,13.4069567,6
TIC 15682927,15682927,5886.01,FP,FALSE_POSITIVE,Medium (2500-10000 ppm),12.3886,0.9655766,3140.0,11.5845,2
TIC 456305193,456305193,5540.01,FP,FALSE_POSITIVE,Medium (2500-10000 ppm),10.2003,1.0995742,3168.0,9.72799,1
TIC 31697707,31697707,3290.01,FP,FALSE_POSITIVE,Medium (2500-10000 ppm),11.3612,3.910946,5210.0,10.6878,1
TIC 17005768,17005768,1460.01,FP,FALSE_POSITIVE,Medium (2500-10000 ppm),9.9176,6.8424983,8029.880305,16.4578474,3
TIC 86280613,86280613,1786.01,FP,FALSE_POSITIVE,Medium (2500-10000 ppm),9.5173,9.573548,2788.0,15.6118,2
TIC 271581073,271581073,1101.01,FP,FALSE_POSITIVE,Medium (2500-10000 ppm),10.5891,2.66903,3110.0,9.36823,1
TIC 143257766,143257766,1120.01,FP,FALSE_POSITIVE,Medium (2500-10000 ppm),10.4063,1.66226,6030.0,13.3343,1
TIC 158916431,158916431,2146.01,FP,FALSE_POSITIVE,Medium (2500-10000 ppm),9.9094,5.8924856,4530.0,17.4655,3
TIC 389999924,389999924,3176.01,FP,FALSE_POSITIVE,Medium (2500-10000 ppm),12.6453,4.7606207,7813.8313853,14.527713,3
TIC 175310067,175310067,1016.01,FP,FALSE_POSITIVE,Medium (2500-10000 ppm),10.6257,12.6889415,3232.8527885,14.0608342,1
TIC 289125016,289125016,5924.01,FP,FALSE_POSITIVE,Medium (2500-10000 ppm),11.429,6.2043746,4380.0,14.9548,1
TIC 128463355,128463355,593.01,FP,FALSE_POSITIVE,Medium (2500-10000 ppm),10.1078,13.9086,4760.0,37.5946,1
TIC 441334829,441334829,2963.01,FP,FALSE_POSITIVE,Medium (2500-10000 ppm),12.5449,4.4433921,6480.0,12.1784,1
TIC 294173437,294173437,5901.01,FP,FALSE_POSITIVE,Medium (2500-10000 ppm),12.5454,5.555905,3750.0,11.9323,4
TIC 239541449,239541449,5962.01,FP,FALSE_POSITIVE,Medium (2500-10000 ppm),10.9417,1.9261183,3853.8831363,4.8624405,2
TIC 470974162,470974162,3781.01,FP,FALSE_POSITIVE,Medium (2500-10000 ppm),12.3794,3.2583798,4800.0,6.27906,1
TIC 415969574,415969574,342.01,FP,FALSE_POSITIVE,Medium (2500-10000 ppm),12.8691,10.45776,8773.24,,1
TIC 247873937,247873937,4738.01,FP,FALSE_POSITIVE,Medium (2500-10000 ppm),12.1359,4.6498719,8110.0,16.6839,2
TIC 459997997,459997997,1888.01,FP,FALSE_POSITIVE,Medium (2500-10000 ppm),10.4748,5.547485,3350.0,11.48,3
TIC 37084932,37084932,879.01,FP,FALSE_POSITIVE,Medium (2500-10000 ppm),9.5254,6.58454,5500.94,,1
TIC 373576942,373576942,3525.01,FP,FALSE_POSITIVE,Medium (2500-10000 ppm),12.8424,0.8912218,9160.0,15.1782,5
TIC 308425348,308425348,1918.01,FP,FALSE_POSITIVE,Medium (2500-10000 ppm),12.2876,3.39829,4340.0,7.06633,2
TIC 403136413,403136413,158.01,FP,FALSE_POSITIVE,Medium (2500-10000 ppm),11.2314,2.51266,2790.01,13.3617,1
TIC 1405997635,1405997635,4414.01,FP,FALSE_POSITIVE,Medium (2500-10000 ppm),10.3147,1.8697825,2940.0,,1
TIC 469184909,469184909,2953.01,FP,FALSE_POSITIVE,Medium (2500-10000 ppm),12.4794,1.2926975,6460.0,,3
TIC 334597566,334597566,6020.01,FP,FALSE_POSITIVE,Medium (2500-10000 ppm),12.0471,9.1099373,8817.0,13.5278,5
TIC 27244707,27244707,3759.01,FP,FALSE_POSITIVE,Medium (2500-10000 ppm),12.816,1.6882863,5190.0,,1
TIC 151728428,151728428,5850.01,FP,FALSE_POSITIVE,Medium (2500-10000 ppm),10.9951,3.9997367,7460.0,13.8899,1
TIC 42015200,42015200,848.01,FP,FALSE_POSITIVE,Medium (2500-10000 ppm),11.6818,9.77742,6740.0,35.6978,4
TIC 95122849,95122849,5478.02,FP,FALSE_POSITIVE,Medium (2500-10000 ppm),12.0515,10.1197017,2570.0,9.15067,3
TIC 398912927,398912927,3626.01,FP,FALSE_POSITIVE,Medium (2500-10000 ppm),10.8154,19.8875338,3020.0,13.605,3
TIC 256349966,256349966,6343.01,FP,FALSE_POSITIVE,Medium (2500-10000 ppm),12.0913,14.5877856,3374.0,10.1617,5
TIC 269450900,269450900,1127.01,FP,FALSE_POSITIVE,Medium (2500-10000 ppm),7.3163,2.32439,2704.18,,2
TIC 307734817,307734817,1808.01,FP,FALSE_POSITIVE,Medium (2500-10000 ppm),11.6735,2.1075001,4256.1743008,11.7706128,2
TIC 437893926,437893926,2771.01,FP,FALSE_POSITIVE,Medium (2500-10000 ppm),12.4432,3.8454384,4590.0,13.6848,2
TIC 132534906,132534906,4849.01,FP,FALSE_POSITIVE,Medium (2500-10000 ppm),12.5874,3.0617364,6620.0,8.08218,1
TIC 292321872,292321872,1572.01,FP,FALSE_POSITIVE,Medium (2500-10000 ppm),10.4562,8.66698,9854.3,27.4804,2
TIC 341544930,341544930,1182.01,FP,FALSE_POSITIVE,Medium (2500-10000 ppm),10.0049,7.6416041,6025.0,27.538,5
TIC 198616607,198616607,4116.01,FP,FALSE_POSITIVE,Medium (2500-10000 ppm),12.4627,3.6311186,6300.0,15.6552,7
TIC 169904935,169904935,1005.01,FP,FALSE_POSITIVE,Medium (2500-10000 ppm),9.1309,4.5505945,3731.0,7.10841,1
TIC 389525208,389525208,154.01,FP,FALSE_POSITIVE,Medium (2500-10000 ppm),10.0704,6.74657,2970.0,16.2785,2
TIC 81212286,81212286,1724.01,FP,FALSE_POSITIVE,Medium (2500-10000 ppm),12.507,0.6850808,2675.7176662,1.9806358,3
TIC 313891529,313891529,2424.01,FP,FALSE_POSITIVE,Medium (2500-10000 ppm),10.2845,12.3750537,4155.6104825,17.1909846,2
TIC 28643432,28643432,5184.01,FP,FALSE_POSITIVE,Medium (2500-10000 ppm),11.649,2.2751393,3350.0,10.5509,3
TIC 75208638,75208638,4257.01,FP,FALSE_POSITIVE,Medium (2500-10000 ppm),11.7159,4.6512523,3110.0,6.22936,2
TIC 356453768,356453768,2002.01,FP,FALSE_POSITIVE,Medium (2500-10000 ppm),10.4879,2.3330349,2795.0,15.6213,3
TIC 200593988,200593988,526.01,FP,FALSE_POSITIVE,Medium (2500-10000 ppm),12.3069,7.6787462,6458.9029552,3.7721292,3
TIC 263203229,263203229,6741.01,FP,FALSE_POSITIVE,Medium (2500-10000 ppm),12.792,5.0061978,6438.0,12.4847,1
TIC 15247229,15247229,1188.01,FP,FALSE_POSITIVE,Medium (2500-10000 ppm),9.886581,8.5112,4172.76,,1
TIC 188593930,188593930,320.01,FP,FALSE_POSITIVE,Medium (2500-10000 ppm),12.3574,1.46503,3162.12,5.43222,2
TIC 841226527,841226527,3843.01,FP,FALSE_POSITIVE,Medium (2500-10000 ppm),11.4794,19.5112506,4080.0,,5
TIC 461662295,461662295,1711.01,FP,FALSE_POSITIVE,Medium (2500-10000 ppm),9.92871,10.2558,5740.0,7.44683,3
TIC 91869778,91869778,2736.01,FP,FALSE_POSITIVE,Medium (2500-10000 ppm),10.9521,3.4771921,3250.0,11.1486,2
TIC 288391628,288391628,1147.01,FP,FALSE_POSITIVE,Medium (2500-10000 ppm),8.36544,10.9278415,2743.0,49.1695,5
TIC 412014494,412014494,1111.01,FP,FALSE_POSITIVE,Medium (2500-10000 ppm),9.3871,11.4756978,8341.0,14.1098,1
TIC 74482749,74482749,584.01,FP,FALSE_POSITIVE,Medium (2500-10000 ppm),9.1103,1.2622658,3711.7152579,28.2499512,2
TIC 166184426,166184426,1955.01,FP,FALSE_POSITIVE,Medium (2500-10000 ppm),11.1825,16.3152,2500.0,2.23088,2
TIC 294179389,294179389,1310.01,FP,FALSE_POSITIVE,Medium (2500-10000 ppm),10.5742,2.6796,7590.0,11.8862,6
TIC 49710555,49710555,291.01,FP,FALSE_POSITIVE,Medium (2500-10000 ppm),12.3035,12.08837,5990.0,18.1866,2
TIC 89643259,89643259,1193.01,FP,FALSE_POSITIVE,Medium (2500-10000 ppm),10.4813,2.2219839,4394.0,15.4416,6
TIC 277987172,277987172,5887.01,FP,FALSE_POSITIVE,Medium (2500-10000 ppm),12.4276,6.3989216,3830.0,10.6347,1
TIC 52548453,52548453,987.01,FP,FALSE_POSITIVE,Medium (2500-10000 ppm),10.1887,5.2146757,3754.150648,14.4476769,1
TIC 41422753,41422753,5855.01,FP,FALSE_POSITIVE,Medium (2500-10000 ppm),12.3924,2.4710528,5420.0,12.1002,3
TIC 407146536,407146536,4279.01,FP,FALSE_POSITIVE,Medium (2500-10000 ppm),11.2851,2.0976705,2503.6856881,14.488932,4
TIC 399956873,399956873,5283.01,FP,FALSE_POSITIVE,Medium (2500-10000 ppm),11.7513,6.949428,3050.0,9.02158,9
TIC 131081852,131081852,758.01,FP,FALSE_POSITIVE,Deep (>10000 ppm),9.957501,13.2735914,21146.5262939,19.1149958,4
TIC 140706664,140706664,1020.01,FP,FALSE_POSITIVE,Deep (>10000 ppm),10.7173,3.28892,10518.9,,1
TIC 219205407,219205407,946.01,FP,FALSE_POSITIVE,Deep (>10000 ppm),10.8732,6.1253092,39400.0,22.9909,5
TIC 423903685,423903685,6143.01,FP,FALSE_POSITIVE,Deep (>10000 ppm),12.266,4.0938735,16964.0,20.6029,2
TIC 329864959,329864959,1385.01,FP,FALSE_POSITIVE,Deep (>10000 ppm),8.437,4.52318,25109.1,,8
TIC 286355915,286355915,1637.01,FP,FALSE_POSITIVE,Deep (>10000 ppm),10.6479,4.076684,10459.727229,17.5223182,3
TIC 77031413,77031413,368.01,FP,FALSE_POSITIVE,Deep (>10000 ppm),11.4996,1.38665,24680.0,15.5656,2
TIC 120585579,120585579,242.01,FP,FALSE_POSITIVE,Deep (>10000 ppm),12.5766,6.340315,25410.703288,20.517917,3
TIC 232679662,232679662,1305.01,FP,FALSE_POSITIVE,Deep (>10000 ppm),10.3018,7.8513774,21571.0,,6
TIC 9727392,9727392,236.01,FP,FALSE_POSITIVE,Deep (>10000 ppm),11.2932,4.534451,23574.842911,23.183789,5
TIC 99330090,99330090,3883.01,FP,FALSE_POSITIVE,Deep (>10000 ppm),11.1693,7.0080817,14900.0,13.1807,2
TIC 435861696,435861696,3621.01,FP,FALSE_POSITIVE,Deep (>10000 ppm),12.0,5.6902814,21290.0,12.9495,1
TIC 184679932,184679932,1645.01,FP,FALSE_POSITIVE,Deep (>10000 ppm),9.25319,2.1721416,17864.5520776,18.0850347,3
TIC 241102583,241102583,5296.01,FP,FALSE_POSITIVE,Deep (>10000 ppm),12.4323,1.7386091,18980.0,10.8015,1
TIC 317507345,317507345,1615.01,FP,FALSE_POSITIVE,Deep (>10000 ppm),9.68708,3.9401791,13317.0,25.3897,7
TIC 458856474,458856474,1978.01,FP,FALSE_POSITIVE,Deep (>10000 ppm),5.666,6.081043,15384.1717123,20.7861513,6
TIC 382474101,382474101,349.01,FP,FALSE_POSITIVE,Deep (>10000 ppm),10.179,2.6520851,10671.4743296,,2
TIC 298495970,298495970,2157.01,FP,FALSE_POSITIVE,Deep (>10000 ppm),10.7033,8.4249043,21600.0,15.0361,2
TIC 265077027,265077027,961.01,FP,FALSE_POSITIVE,Deep (>10000 ppm),10.6596,4.79586,26891.1,23.4129,1
TIC 172754786,172754786,3561.01,FP,FALSE_POSITIVE,Deep (>10000 ppm),12.8903,4.1273472,18840.0,20.1447,6
TIC 262530873,262530873,304.01,FP,FALSE_POSITIVE,Deep (>10000 ppm),12.5145,2.24172,23700.0,28.4732,2
TIC 363761216,363761216,2047.01,FP,FALSE_POSITIVE,Deep (>10000 ppm),10.4708,7.4072602,14765.0,14.7857,1
TIC 372596796,372596796,3181.01,FP,FALSE_POSITIVE,Deep (>10000 ppm),12.298,3.5366743,13180.0,13.338,1
TIC 341729521,341729521,997.01,FP,FALSE_POSITIVE,Deep (>10000 ppm),9.7727,8.4134856,17479.6053306,20.5106959,4
TIC 449050248,449050248,953.01,FP,FALSE_POSITIVE,Deep (>10000 ppm),9.87405,2.96844,13028.0,19.3343,2
TIC 286696848,286696848,3742.01,FP,FALSE_POSITIVE,Deep (>10000 ppm),12.8814,8.9279009,49560.0,15.0384,2
TIC 34505005,34505005,2999.01,FP,FALSE_POSITIVE,Deep (>10000 ppm),12.9093,5.1627718,19050.0,15.0573,2
TIC 61117473,61117473,3122.01,FP,FALSE_POSITIVE,Deep (>10000 ppm),12.123,6.1836211,10508.1307083,13.5635601,2
TIC 33091633,33091633,984.01,FP,FALSE_POSITIVE,Deep (>10000 ppm),10.2763,7.52118,50623.3,12.9114,2
TIC 61980227,61980227,2316.01,FP,FALSE_POSITIVE,Deep (>10000 ppm),12.0516,3.0958985,10354.9916952,19.2443952,1
TIC 282498590,282498590,2492.01,FP,FALSE_POSITIVE,Deep (>10000 ppm),11.6749,10.1004307,13680.0,17.4827,2
TIC 73723286,73723286,665.01,FP,FALSE_POSITIVE,Deep (>10000 ppm),9.1116,14.066109,16514.0482965,21.5662738,5
TIC 41330864,41330864,1168.01,FP,FALSE_POSITIVE,Deep (>10000 ppm),10.381,2.1358631,10325.0,23.6019,1
TIC 269892793,269892793,1636.01,FP,FALSE_POSITIVE,Deep (>10000 ppm),11.9056,1.7729239,26694.3797428,14.9468862,2
TIC 38686737,38686737,432.01,FP,FALSE_POSITIVE,Deep (>10000 ppm),12.6038,2.24704,18890.4,18.1799,2
TIC 275111900,275111900,1326.01,FP,FALSE_POSITIVE,Deep (>10000 ppm),8.6746,8.0428575,18730.0,,5
TIC 117689799,117689799,3504.01,FP,FALSE_POSITIVE,Deep (>10000 ppm),11.6006,2.1570462,17928.3672773,14.5949243,2
TIC 182943944,182943944,1017.01,FP,FALSE_POSITIVE,Deep (>10000 ppm),10.6019,1.10422,14177.7,21.0448,2
TIC 295599256,295599256,1108.01,FP,FALSE_POSITIVE,Deep (>10000 ppm),9.941,7.14386,11146.4,22.1531,4
TIC 32283946,32283946,845.01,FP,FALSE_POSITIVE,Deep (>10000 ppm),11.7582,7.06181,22745.5,24.7848,1
TIC 270841724,270841724,590.01,FP,FALSE_POSITIVE,Deep (>10000 ppm),10.441,18.90372,24270.0,,2
TIC 122220263,122220263,1134.01,FP,FALSE_POSITIVE,Deep (>10000 ppm),9.03609,18.6922101,11126.0,18.1458,4
TIC 179155220,179155220,964.01,FP,FALSE_POSITIVE,Deep (>10000 ppm),10.6659,0.60274,16763.6,11.8344,1
TIC 312899686,312899686,5266.01,FP,FALSE_POSITIVE,Deep (>10000 ppm),12.7821,4.4138638,11300.0,18.0459,2
TIC 195093356,195093356,5226.01,FP,FALSE_POSITIVE,Deep (>10000 ppm),11.8572,7.8284207,32460.0,17.0783,2
TIC 336267424,336267424,2138.01,FP,FALSE_POSITIVE,Deep (>10000 ppm),12.5466,1.4821845,16269.2562793,27.5079498,9
TIC 311183180,311183180,550.02,FP,FALSE_POSITIVE,Deep (>10000 ppm),9.1073,10.043245,21393.227138,16.682435,2
TIC 357416482,357416482,2017.01,FP,FALSE_POSITIVE,Deep (>10000 ppm),8.2057,5.49826,12929.0,16.2801,3
TIC 329277372,329277372,1421.01,FP,FALSE_POSITIVE,Deep (>10000 ppm),10.5998,2.8879675,23489.3314084,,7
TIC 1965256662,1965256662,3565.01,FP,FALSE_POSITIVE,Deep (>10000 ppm),11.9683,4.3170598,10240.0,12.9424,3
TIC 68322189,68322189,5016.01,FP,FALSE_POSITIVE,Deep (>10000 ppm),12.5209,1.2833689,20090.0,23.5753,1
TIC 4426490,4426490,6874.01,FP,FALSE_POSITIVE,Deep (>10000 ppm),12.1616,2.668957,17029.8720026,16.1018337,2
TIC 373614579,373614579,3799.01,FP,FALSE_POSITIVE,Deep (>10000 ppm),12.7085,8.2064867,29281.2259569,14.6693181,2
TIC 29117085,29117085,3790.01,FP,FALSE_POSITIVE,Deep (>10000 ppm),11.2119,13.247777,13420.0,11.7716,1
TIC 104195270,104195270,6696.01,FP,FALSE_POSITIVE,Deep (>10000 ppm),10.9988,3.6859958,12982.7214564,23.322957,1
TIC 229285649,229285649,2591.01,FP,FALSE_POSITIVE,Deep (>10000 ppm),10.7669,8.493027,20750.0,20.982,3
TIC 376740324,376740324,3085.01,FP,FALSE_POSITIVE,Deep (>10000 ppm),12.1229,4.5300175,35800.0,,1
TIC 278199349,278199349,922.01,FP,FALSE_POSITIVE,Deep (>10000 ppm),11.499,9.46516,10952.3,,5
TIC 457743020,457743020,4886.01,FP,FALSE_POSITIVE,Deep (>10000 ppm),12.9004,3.251249,12040.0,19.6899,3
TIC 27844066,27844066,3536.01,FP,FALSE_POSITIVE,Deep (>10000 ppm),12.5299,1.8532983,10790.0,,2
TIC 279999655,279999655,959.01,FP,FALSE_POSITIVE,Deep (>10000 ppm),10.649,1.54104,30644.8,,1
TIC 168871868,168871868,2442.01,FP,FALSE_POSITIVE,Deep (>10000 ppm),11.402,17.1217196,131000.0,10.2267,2
TIC 12036590,12036590,2598.01,FP,FALSE_POSITIVE,Deep (>10000 ppm),10.9766,5.73436,17740.0,21.0528,1
TIC 327210623,327210623,3313.01,FP,FALSE_POSITIVE,Deep (>10000 ppm),12.6827,2.128423,11080.0,,1
TIC 139118482,139118482,3914.01,FP,FALSE_POSITIVE,Deep (>10000 ppm),11.3366,6.7136512,11490.0,12.5036,1
TIC 1717732429,1717732429,1172.01,FP,FALSE_POSITIVE,Deep (>10000 ppm),10.3018,7.8513949,22029.0,,6
TIC 46772529,46772529,6486.01,FP,FALSE_POSITIVE,Deep (>10000 ppm),12.8397,10.6332248,36558.0,15.9854,1
TIC 285524410,285524410,2848.01,FP,FALSE_POSITIVE,Deep (>10000 ppm),11.422,3.0244222,267015.5224574,,4
TIC 129107501,129107501,6133.01,FP,FALSE_POSITIVE,Deep (>10000 ppm),11.5102,3.6534344,24705.0,20.7632,1
TIC 161687209,161687209,7137.01,FP,FALSE_POSITIVE,Deep (>10000 ppm),12.8161,1.2529962,14080.0,19.179,4
TIC 404610583,404610583,5966.01,FP,FALSE_POSITIVE,Deep (>10000 ppm),10.5332,3.5381039,11844.6534836,12.0728557,2
TIC 453464017,453464017,1993.01,FP,FALSE_POSITIVE,Deep (>10000 ppm),10.248,3.9416903,12840.0,19.6321,2
TIC 156816238,156816238,3845.01,FP,FALSE_POSITIVE,Deep (>10000 ppm),12.7553,2.1461672,14110.0,16.91,1
TIC 20182165,20182165,1830.01,FP,FALSE_POSITIVE,Deep (>10000 ppm),7.0166,9.7815625,20040.0,18.205,5
TIC 155491828,155491828,2555.01,FP,FALSE_POSITIVE,Deep (>10000 ppm),11.1169,16.0475029,13630.0,19.3344,1
TIC 449050247,449050247,951.01,FP,FALSE_POSITIVE,Deep (>10000 ppm),10.0938,2.96845,17064.8,20.1857,1
TIC 97700520,97700520,1013.01,FP,FALSE_POSITIVE,Deep (>10000 ppm),7.6095,5.4255548,14939.6342222,,2
TIC 190271688,190271688,1963.01,FP,FALSE_POSITIVE,Deep (>10000 ppm),10.163,12.6534664,27095.439949,20.5105778,4
TIC 71854732,71854732,3658.01,FP,FALSE_POSITIVE,Deep (>10000 ppm),12.6532,3.1004285,12784.0,,1
TIC 283015592,283015592,4000.01,FP,FALSE_POSITIVE,Deep (>10000 ppm),12.5696,3.7027104,12813.0,21.058,5
TIC 194179013,194179013,3332.01,FP,FALSE_POSITIVE,Deep (>10000 ppm),12.7825,3.1785277,20330.0,,3
TIC 458876004,458876004,3677.01,FP,FALSE_POSITIVE,Deep (>10000 ppm),11.9814,3.6923071,14130.0,14.2002,2
TIC 360816293,360816293,3146.01,FP,FALSE_POSITIVE,Deep (>10000 ppm),12.2077,3.5506084,16040.0,14.4767,1
TIC 2041563029,2041563029,1427.01,FP,FALSE_POSITIVE,Deep (>10000 ppm),10.0526,12.80758,27112.7,11.4222,1
TIC 151959065,151959065,673.01,FP,FALSE_POSITIVE,Deep (>10000 ppm),11.955,10.5426254,16789.8076116,22.0104106,5
TIC 100267480,100267480,2341.01,FP,FALSE_POSITIVE,Deep (>10000 ppm),12.722,0.87741,12050.0,8.59148,2
TIC 120723776,120723776,3109.01,FP,FALSE_POSITIVE,Deep (>10000 ppm),12.483,2.8831285,26290.0,28.6734,1
TIC 172464366,172464366,478.01,FP,FALSE_POSITIVE,Deep (>10000 ppm),11.0913,2.921685,17562.44572,19.091127,3
TIC 294599100,294599100,3537.01,FP,FALSE_POSITIVE,Deep (>10000 ppm),12.6275,5.6133922,15850.0,15.2695,1
