tic,stratum,split
145708,2-3,calib
767658,2-3,fit
990474,2-3,calib
1128207,2-3,test
1357036,4-6,fit
3576581,4-6,fit
3644771,2-3,test
3663779,2-3,calib
3806602,2-3,fit
3816082,4-6,test
3899820,2-3,fit
4750725,2-3,test
5641823,2-3,fit
5716636,7-12,calib
5738944,2-3,fit
6923155,4-6,test
7020982,2-3,test
7060254,2-3,fit
7153462,7-12,fit
7392944,4-6,fit
7422813,7-12,test
7546165,4-6,test
7623762,2-3,calib
8309423,4-6,fit
8447415,4-6,fit
8483309,4-6,fit
8577279,4-6,calib
9037787,4-6,calib
9068226,2-3,test
9569707,4-6,test
9571583,2-3,fit
9791472,2-3,fit
9859329,2-3,test
10045960,2-3,test
10147982,2-3,calib
10819194,2-3,test
11294075,2-3,fit
11637943,2-3,calib
12932104,2-3,fit
13024362,4-6,fit
13960421,2-3,fit
14199559,2-3,calib
14456477,2-3,fit
14780709,4-6,test
16370959,4-6,fit
17547198,4-6,fit
17673908,2-3,test
17677244,4-6,fit
17859252,2-3,test
18422408,2-3,calib
18634351,4-6,fit
18907552,2-3,fit
18934976,4-6,calib
20205100,4-6,test
20212152,2-3,fit
20495750,2-3,test
20614062,4-6,test
21017001,4-6,fit
21121180,7-12,fit
21183716,2-3,test
21437232,4-6,fit
21501907,2-3,fit
21891703,4-6,fit
22237080,2-3,calib
22313863,2-3,test
22333688,4-6,test
22522464,2-3,test
22740650,2-3,fit
22747615,2-3,test
22749511,2-3,test
22818511,2-3,calib
23138309,2-3,test
23604751,2-3,fit
23793707,4-6,test
24360502,2-3,fit
24530425,4-6,fit
24696180,4-6,fit
24750489,4-6,test
25116994,7-12,test
25131760,7-12,fit
25153797,7-12,fit
25154154,7-12,fit
25196356,13-inf,fit
25904529,2-3,fit
25909530,4-6,test
26078826,4-6,fit
26956972,4-6,test
26971188,2-3,fit
27227173,2-3,test
27229572,2-3,calib
27837522,4-6,calib
28079908,2-3,fit
28769644,2-3,calib
29394809,2-3,fit
29759557,13-inf,fit
29759800,13-inf,fit
29761349,7-12,calib
29781101,13-inf,fit
29832604,13-inf,fit
29833504,13-inf,fit
30851433,7-12,fit
30854160,13-inf,test
30941364,7-12,fit
31157818,2-3,test
31192638,2-3,test
31384768,7-12,calib
31527115,7-12,calib
31533454,13-inf,test
31652979,7-12,fit
31780495,7-12,test
31814908,7-12,test
31850397,7-12,test
31851830,4-6,fit
31927196,4-6,fit
31963524,13-inf,fit
32032672,13-inf,fit
32032865,13-inf,test
32034867,13-inf,test
32050031,7-12,fit
32068848,7-12,fit
32069236,7-12,test
32070488,7-12,test
32072097,13-inf,test
32090440,13-inf,test
32092043,13-inf,test
32432469,4-6,fit
33174824,2-3,test
33649266,2-3,test
33735178,13-inf,fit
33831261,7-12,calib
33831818,13-inf,test
33833395,7-12,fit
33838936,7-12,test
33839044,13-inf,fit
33878459,13-inf,fit
33879345,7-12,test
33946668,2-3,test
33949151,4-6,test
34468360,2-3,calib
34821191,4-6,calib
37441683,2-3,test
38065293,2-3,fit
38206278,2-3,fit
38459395,13-inf,test
38468130,13-inf,test
38468688,7-12,calib
38470115,13-inf,fit
38508526,13-inf,fit
38518320,4-6,test
38570601,7-12,fit
38608928,13-inf,fit
38609021,13-inf,calib
38610352,13-inf,fit
38633112,13-inf,fit
38679565,13-inf,fit
38696692,7-12,fit
38696814,13-inf,fit
38711614,13-inf,test
38825084,13-inf,test
38907328,13-inf,test
38941452,13-inf,test
39080732,2-3,test
39268506,4-6,calib
39425970,4-6,fit
39463754,2-3,test
39983930,4-6,test
40048171,2-3,calib
40519210,13-inf,fit
41030765,4-6,fit
41083578,13-inf,calib
41832031,4-6,test
41859985,4-6,test
41898667,7-12,fit
44741889,2-3,test
46850461,4-6,fit
47480770,2-3,fit
47510709,2-3,fit
47579320,2-3,fit
47819125,13-inf,fit
47934197,4-6,calib
48088111,4-6,test
48135328,7-12,test
48302533,7-12,fit
48350363,7-12,test
48530426,7-12,calib
49594649,4-6,fit
49621795,2-3,fit
49771751,2-3,test
49783735,2-3,calib
50439803,2-3,fit
50493502,7-12,calib
52075663,4-6,test
52254854,2-3,calib
52403906,2-3,fit
53578280,4-6,test
54417075,4-6,test
54442022,2-3,calib
54601994,2-3,fit
54965104,2-3,test
55270702,7-12,test
55272665,7-12,fit
55274592,7-12,calib
55295030,13-inf,test
55295497,13-inf,fit
55295753,7-12,test
55296811,13-inf,fit
55367245,13-inf,calib
55388535,13-inf,test
55398952,13-inf,test
55452577,13-inf,calib
55523322,13-inf,calib
55557707,13-inf,fit
55558686,13-inf,test
55603433,13-inf,test
55603918,13-inf,fit
55604793,13-inf,test
55647857,7-12,test
55651898,4-6,fit
55652005,7-12,fit
55663810,13-inf,fit
55745481,7-12,test
55758201,13-inf,fit
55761742,4-6,fit
55780996,13-inf,test
55850719,13-inf,calib
56753935,2-3,fit
56997941,2-3,calib
57061535,2-3,fit
57232494,2-3,test
57609213,2-3,calib
58791910,4-6,test
59087122,4-6,test
60544623,2-3,test
61044859,4-6,fit
61107882,2-3,calib
61542066,2-3,calib
61717033,4-6,test
62917929,2-3,test
63627476,2-3,calib
63695346,2-3,fit
64105494,4-6,fit
64111053,2-3,fit
65143950,4-6,fit
65414448,2-3,test
66459601,2-3,test
67475670,2-3,fit
67503569,4-6,test
67509129,2-3,fit
67582878,4-6,fit
67831314,2-3,calib
67959900,2-3,calib
68071947,2-3,fit
68257776,2-3,fit
68414973,7-12,test
68448534,4-6,test
68687178,4-6,test
68874932,4-6,fit
69222462,2-3,test
69468957,2-3,test
70555490,4-6,fit
70712605,2-3,fit
70999970,2-3,calib
71110165,2-3,test
71293147,4-6,test
71591972,2-3,calib
71677236,2-3,fit
72600876,4-6,calib
72883260,2-3,test
72888698,4-6,test
74787842,4-6,fit
75135208,4-6,test
75145437,4-6,fit
77108848,4-6,test
77176261,4-6,fit
77207257,4-6,fit
77351431,2-3,fit
77897707,2-3,test
79531088,4-6,fit
80128040,2-3,calib
80431315,7-12,test
80995687,7-12,test
81103318,2-3,fit
82120769,2-3,test
82160047,2-3,test
82203010,2-3,test
82457803,2-3,test
82524967,2-3,fit
82605922,4-6,fit
82609429,2-3,test
83133371,2-3,fit
85288867,2-3,calib
85463294,4-6,fit
85879267,2-3,fit
85910900,4-6,test
86103182,4-6,test
86371937,2-3,test
86375601,7-12,test
87955155,2-3,fit
88191957,2-3,fit
88381767,2-3,calib
88523474,2-3,fit
88525305,2-3,fit
88840606,2-3,test
88874569,4-6,fit
89093987,2-3,calib
89182964,2-3,test
89188478,2-3,test
89255038,4-6,test
89263085,2-3,test
89632626,2-3,fit
91354281,2-3,fit
91399407,2-3,fit
91637387,2-3,test
91637711,2-3,test
92241508,4-6,test
94017782,4-6,test
95310318,4-6,fit
95362101,2-3,test
95432896,2-3,fit
95437024,2-3,fit
95571557,4-6,test
95661024,2-3,test
95932700,4-6,test
97484419,4-6,test
97487557,4-6,test
97624857,4-6,test
97966400,4-6,test
99059830,4-6,fit
99840867,2-3,test
99920000,4-6,fit
99920924,2-3,fit
99936548,2-3,fit
100105797,2-3,fit
100588940,2-3,calib
100612261,2-3,calib
100668092,4-6,fit
100919976,4-6,calib
101098910,4-6,fit
101101702,4-6,fit
101277731,4-6,test
101549557,4-6,test
101718218,2-3,fit
101724919,2-3,fit
101726981,2-3,test
102050449,7-12,fit
102720812,2-3,calib
103348849,4-6,fit
103450344,2-3,test
103702088,4-6,test
103750651,7-12,test
106991368,2-3,test
112243062,4-6,fit
113878726,2-3,fit
114060038,2-3,test
114592893,2-3,test
115325744,4-6,test
115353752,4-6,fit
115517537,7-12,test
115612391,2-3,fit
115892089,2-3,test
116306278,2-3,test
116542530,4-6,fit
116881281,2-3,test
117123472,4-6,fit
117299081,4-6,fit
117414377,4-6,fit
117515674,4-6,test
117776365,2-3,test
118444304,7-12,test
119954197,2-3,calib
120461208,2-3,fit
120960091,4-6,calib
121051065,2-3,test
121660708,7-12,fit
122558413,2-3,fit
122574940,4-6,test
122616902,2-3,fit
122687138,4-6,fit
122841001,2-3,fit
123097488,2-3,fit
123203822,4-6,fit
123206180,7-12,fit
124536339,4-6,fit
126237012,4-6,fit
126585122,2-3,fit
127021116,2-3,test
128797775,4-6,test
129912090,2-3,test
130579119,2-3,fit
130707519,2-3,fit
132702068,7-12,test
134221782,7-12,fit
135365577,2-3,fit
136949182,2-3,fit
137021972,2-3,fit
137478427,4-6,fit
137498795,4-6,test
137606469,2-3,fit
137734799,4-6,test
137799449,4-6,test
137809770,2-3,fit
137831783,4-6,test
137841274,4-6,calib
137843815,4-6,fit
137905084,2-3,fit
138110412,2-3,fit
138169995,2-3,test
138327804,2-3,test
138472093,4-6,calib
138710265,4-6,test
139053380,2-3,fit
139124299,2-3,test
139196676,4-6,fit
139369433,13-inf,test
139418956,2-3,test
139482873,2-3,fit
139700604,2-3,calib
140632037,7-12,test
140799035,7-12,calib
140827974,7-12,fit
140897162,7-12,test
140936810,7-12,test
140960921,4-6,test
140964673,2-3,calib
140999455,7-12,calib
141264868,4-6,test
141280939,13-inf,test
141282136,13-inf,fit
141333591,7-12,fit
141436215,13-inf,fit
141479412,7-12,test
141489108,4-6,calib
141602474,4-6,test
141660852,2-3,fit
141680245,4-6,fit
141712654,13-inf,calib
141713989,7-12,fit
141760986,2-3,calib
141807811,7-12,calib
141808431,4-6,test
141819864,4-6,fit
141910230,4-6,fit
141910606,13-inf,fit
142044942,4-6,fit
142049025,13-inf,fit
142058759,2-3,test
142081973,7-12,calib
142082832,7-12,fit
142084091,7-12,fit
142103354,7-12,fit
142107219,13-inf,test
142109665,13-inf,fit
142144969,13-inf,fit
142306518,4-6,fit
142347879,7-12,test
142349164,4-6,calib
142395432,7-12,fit
142397006,7-12,calib
142413204,7-12,fit
142439883,7-12,test
142445354,7-12,test
142502969,7-12,fit
142588823,7-12,test
142634134,7-12,calib
142746714,4-6,calib
142851295,2-3,test
142887200,2-3,test
142942547,2-3,fit
142961460,7-12,fit
143024848,4-6,fit
143166892,2-3,test
143383211,4-6,test
144109776,2-3,fit
144197024,2-3,test
144284767,7-12,fit
144400971,2-3,fit
144513637,2-3,test
144602332,2-3,calib
144705372,4-6,fit
144949446,4-6,test
146713291,4-6,calib
147789223,4-6,fit
147805146,7-12,test
147878531,4-6,test
148182040,2-3,test
148231934,4-6,test
148404909,2-3,test
148786892,2-3,test
148895817,4-6,test
148913053,4-6,fit
148971118,4-6,test
149039116,7-12,fit
149174106,13-inf,fit
149218890,7-12,fit
149219092,7-12,fit
149251911,7-12,fit
149347103,7-12,test
149398139,4-6,fit
149418073,4-6,calib
149450152,13-inf,fit
149473839,13-inf,fit
149539101,7-12,test
149601140,7-12,fit
149664423,13-inf,test
149741603,2-3,fit
149857901,4-6,fit
149912035,4-6,fit
149973879,7-12,fit
150029448,4-6,fit
150099511,13-inf,fit
150106486,7-12,test
150140166,13-inf,fit
150168739,13-inf,fit
150171760,2-3,test
150182605,2-3,test
150188411,2-3,fit
150245403,7-12,test
150245430,13-inf,test
150247039,7-12,calib
150269856,7-12,fit
150275309,7-12,test
150316358,4-6,fit
150319903,7-12,test
150361243,7-12,test
150364128,2-3,fit
150430837,13-inf,fit
150431816,13-inf,calib
150438314,7-12,test
152371833,2-3,test
152985509,4-6,fit
153183745,2-3,fit
153838349,4-6,test
154011900,7-12,test
154012376,4-6,fit
154070315,7-12,test
154071400,7-12,fit
154091848,4-6,calib
154107534,7-12,calib
154180755,7-12,fit
154181828,2-3,fit
154257989,4-6,calib
154384371,4-6,fit
154485962,2-3,fit
154512930,4-6,calib
154716886,2-3,fit
154720073,7-12,test
154842296,7-12,test
154939487,7-12,test
155233032,4-6,calib
155637861,7-12,fit
155639688,7-12,fit
155875539,4-6,calib
155943582,4-6,test
156168345,7-12,test
156462093,7-12,fit
156462141,4-6,fit
156497041,4-6,calib
156508434,4-6,test
156851625,2-3,test
157118870,4-6,fit
157133425,7-12,fit
157554510,2-3,test
157848159,2-3,fit
157877803,4-6,test
157912593,2-3,test
158014106,4-6,test
158019748,4-6,test
158106851,2-3,fit
158169985,7-12,calib
158230577,2-3,test
158415140,4-6,test
158562911,4-6,fit
158569305,7-12,test
158703741,4-6,fit
158726457,7-12,test
158981324,4-6,calib
159163331,4-6,fit
159182396,7-12,fit
159215551,4-6,test
159289196,7-12,fit
159298787,7-12,fit
159342780,13-inf,test
159393734,7-12,test
159453559,13-inf,fit
159454467,7-12,fit
159501153,7-12,calib
159502654,13-inf,fit
159505220,2-3,test
159539971,4-6,test
159549080,2-3,test
159614563,7-12,calib
159635956,2-3,test
159881887,7-12,fit
159986472,2-3,test
159991884,2-3,test
160004409,4-6,test
160040284,2-3,fit
160080353,4-6,fit
160119847,7-12,test
160191980,2-3,fit
160297967,4-6,calib
160323064,7-12,fit
160394950,13-inf,fit
160409532,7-12,test
160421259,13-inf,fit
160424250,13-inf,fit
160424623,13-inf,calib
160489403,4-6,test
160491879,13-inf,test
160492053,4-6,test
160492944,4-6,test
160493316,13-inf,test
160494047,13-inf,test
160533720,13-inf,calib
160536135,13-inf,test
160553101,4-6,test
160586166,13-inf,test
160602609,13-inf,calib
160602790,13-inf,fit
160618515,7-12,test
160987265,4-6,calib
161004057,4-6,fit
161637267,4-6,test
161667485,4-6,fit
161687266,7-12,test
161838991,7-12,test
161840391,4-6,test
162492140,4-6,test
162592479,7-12,calib
162594819,2-3,test
163490621,2-3,test
164053586,2-3,test
165213629,4-6,test
165312698,2-3,fit
165372816,4-6,test
165470925,13-inf,fit
165529438,7-12,fit
165530042,13-inf,fit
165531835,13-inf,test
165553746,13-inf,calib
165599030,2-3,fit
165735218,7-12,test
165831403,4-6,fit
166052599,7-12,fit
166065286,7-12,test
166089209,7-12,test
166090343,4-6,fit
166282414,2-3,fit
166573547,2-3,fit
166745428,4-6,fit
166760122,4-6,fit
166787220,7-12,calib
166803705,2-3,fit
166934491,4-6,test
166975502,7-12,fit
167086734,4-6,test
167088119,13-inf,test
167089585,13-inf,test
167120384,7-12,fit
167121003,7-12,test
167126007,7-12,test
167168801,7-12,test
167249700,7-12,calib
167364354,13-inf,test
167368416,7-12,fit
167422188,13-inf,fit
167709098,2-3,fit
167718173,4-6,fit
167721974,7-12,fit
167749605,13-inf,test
167754778,7-12,test
167792267,7-12,fit
167811187,13-inf,fit
167812505,13-inf,fit
167814411,13-inf,test
167894606,13-inf,fit
167895977,13-inf,test
168699704,4-6,calib
168789206,4-6,test
169746153,2-3,calib
171427270,2-3,test
171557044,2-3,fit
171738813,4-6,fit
171757655,2-3,test
172292753,4-6,fit
172518675,4-6,fit
172600760,2-3,fit
172824505,4-6,test
172827758,4-6,calib
172843253,4-6,fit
175233735,2-3,fit
175290532,4-6,calib
175397298,2-3,fit
175492787,4-6,fit
176687975,2-3,test
176936125,13-inf,calib
176937262,13-inf,calib
176954188,13-inf,fit
176986832,7-12,test
177036523,7-12,fit
177039581,13-inf,calib
177114260,13-inf,test
177114809,13-inf,fit
177171512,2-3,calib
177180032,7-12,test
177254154,13-inf,test
177256886,7-12,test
177312459,13-inf,fit
177349718,13-inf,fit
177353880,7-12,fit
177354146,7-12,test
177387380,13-inf,test
178154480,4-6,fit
178154748,7-12,test
178171970,4-6,test
178199869,2-3,test
178271310,2-3,fit
178723542,2-3,fit
178937089,2-3,calib
179678584,7-12,test
180212522,2-3,fit
180567838,2-3,calib
180568559,4-6,test
180669655,2-3,fit
180998339,2-3,fit
182078146,2-3,test
184893654,4-6,fit
188599997,2-3,test
188640716,7-12,fit
188665139,7-12,fit
188690062,7-12,fit
188776067,7-12,fit
188816830,7-12,fit
188817017,2-3,fit
189402469,4-6,test
189618822,2-3,fit
190884526,2-3,test
191288300,4-6,fit
192826201,4-6,calib
192834139,4-6,test
192942147,4-6,fit
193719821,2-3,test
193722138,2-3,fit
193794997,4-6,fit
193873496,4-6,fit
196523034,2-3,calib
197787189,4-6,calib
197831644,2-3,fit
197867311,4-6,fit
197883618,7-12,calib
197885865,2-3,fit
197890795,4-6,fit
198005212,4-6,test
198005653,2-3,test
198147416,7-12,fit
198157467,13-inf,fit
198157850,7-12,test
198161846,13-inf,test
198162429,13-inf,test
198163183,13-inf,test
198177771,13-inf,fit
198179036,7-12,fit
198181100,7-12,fit
198182246,13-inf,calib
198182547,13-inf,test
198185441,13-inf,fit
198185495,13-inf,calib
198185764,13-inf,fit
198187274,7-12,calib
198187666,13-inf,fit
198188031,7-12,test
198189572,13-inf,fit
198204626,13-inf,calib
198204954,13-inf,test
198206084,7-12,test
198206463,13-inf,fit
198210791,2-3,fit
198213063,13-inf,calib
198214408,13-inf,fit
198214526,13-inf,fit
198236922,13-inf,fit
198238742,13-inf,test
198281243,7-12,test
198289334,2-3,test
198313215,13-inf,test
198316044,4-6,fit
198354567,13-inf,test
198358376,13-inf,test
198385751,7-12,fit
198387576,13-inf,test
198388094,13-inf,fit
198390801,13-inf,fit
198392870,13-inf,test
198393843,13-inf,fit
198414922,13-inf,test
198479044,2-3,fit
198479347,13-inf,fit
198508404,7-12,fit
198517506,4-6,test
198553139,7-12,fit
198557700,7-12,test
198613806,4-6,test
199523459,13-inf,fit
199548745,4-6,fit
199571501,7-12,calib
199607802,13-inf,test
199631917,7-12,test
199632719,13-inf,calib
199633399,7-12,calib
199659629,13-inf,fit
199661731,13-inf,fit
199684892,7-12,fit
199708730,13-inf,fit
199708739,13-inf,test
199710577,13-inf,calib
199710818,7-12,test
199710904,7-12,fit
199714223,13-inf,fit
199715818,7-12,fit
200280954,2-3,fit
200296367,4-6,test
200322864,4-6,test
200460321,2-3,fit
200713278,2-3,fit
200783426,4-6,fit
201225061,7-12,fit
201309511,4-6,fit
201790029,4-6,test
201795020,2-3,fit
201815557,4-6,fit
201891537,2-3,fit
202293183,4-6,fit
202353593,7-12,fit
202383187,2-3,test
202423090,7-12,fit
202424780,7-12,test
202439632,7-12,fit
202443811,4-6,test
202504118,4-6,test
202505705,13-inf,test
202510861,7-12,calib
202511046,2-3,fit
202511148,7-12,test
203152060,2-3,test
203220170,2-3,test
206350257,2-3,test
206436211,2-3,calib
206475433,2-3,test
206483171,2-3,calib
206596339,2-3,calib
207084753,2-3,fit
207202635,2-3,fit
207399988,7-12,calib
207401873,4-6,fit
207427071,4-6,test
207434579,13-inf,test
207435197,13-inf,test
207437063,7-12,test
207437827,7-12,test
207462338,13-inf,calib
207504191,4-6,test
209451929,4-6,fit
209456892,2-3,fit
210439899,2-3,test
212951253,2-3,fit
212957388,2-3,test
214723875,2-3,test
215113416,7-12,fit
215403879,2-3,fit
219008684,4-6,fit
219008946,4-6,calib
219015973,2-3,test
219017213,4-6,test
219038493,4-6,test
219064439,4-6,test
219084115,7-12,test
219089288,4-6,fit
219092150,13-inf,fit
219100171,13-inf,test
219100883,13-inf,fit
219104847,13-inf,fit
219109580,13-inf,fit
219110549,7-12,fit
219150008,13-inf,fit
219167241,4-6,fit
219210370,7-12,test
219251046,2-3,fit
219376911,13-inf,calib
219380984,13-inf,fit
219389713,7-12,fit
219428470,7-12,fit
219460005,7-12,fit
219462217,7-12,fit
219462925,4-6,test
219487575,4-6,test
219488381,2-3,fit
219731796,7-12,fit
219750936,13-inf,fit
219751049,7-12,test
219752252,13-inf,fit
219754475,13-inf,test
219754931,7-12,fit
219754975,13-inf,fit
219756852,7-12,test
219757178,13-inf,fit
219760133,7-12,fit
219760176,7-12,test
219760888,7-12,fit
219761825,13-inf,test
219763884,7-12,calib
219775505,13-inf,test
219792306,13-inf,test
219793006,13-inf,fit
219801626,13-inf,fit
219802852,13-inf,fit
219811379,7-12,test
219814545,13-inf,test
219818807,4-6,fit
219822744,13-inf,fit
219850059,7-12,test
219853532,4-6,fit
219856241,13-inf,test
219857180,7-12,test
219862791,7-12,calib
219866503,7-12,fit
219869988,13-inf,fit
219882087,13-inf,fit
219882847,13-inf,test
219894486,7-12,fit
219894728,7-12,test
219896547,13-inf,fit
219896856,13-inf,fit
219898343,13-inf,fit
219900265,7-12,calib
219943013,4-6,fit
219987115,4-6,test
220022156,7-12,fit
220024126,2-3,fit
220037818,2-3,test
220411010,13-inf,fit
220414564,13-inf,test
220421191,13-inf,calib
220422671,13-inf,test
220427015,7-12,fit
220430492,7-12,test
220460948,13-inf,calib
220474002,4-6,fit
220500424,7-12,fit
220513500,4-6,fit
220516129,2-3,fit
220557360,2-3,test
220594926,7-12,fit
220596308,2-3,test
224293125,4-6,fit
224296705,4-6,test
224310378,4-6,test
224600774,7-12,test
224607505,13-inf,fit
224607994,13-inf,calib
228508541,2-3,fit
229066007,2-3,test
229145627,4-6,test
229149626,4-6,test
229149668,4-6,fit
229401206,13-inf,fit
229443068,7-12,test
229449838,13-inf,fit
229481409,7-12,fit
229483903,13-inf,fit
229484800,7-12,fit
229500187,13-inf,fit
229506873,7-12,calib
229535393,4-6,calib
229536730,4-6,test
229538367,7-12,test
229549398,4-6,test
229581416,7-12,fit
229586495,13-inf,calib
229596879,13-inf,test
229598094,13-inf,calib
229608897,13-inf,fit
229609179,13-inf,calib
229612173,13-inf,fit
229613765,7-12,calib
229644348,13-inf,fit
229644709,13-inf,fit
229644935,13-inf,test
229650547,7-12,calib
229650800,13-inf,fit
229650857,13-inf,calib
229674058,13-inf,test
229685186,7-12,fit
229688109,7-12,test
229702876,13-inf,test
229714508,13-inf,fit
229715473,7-12,fit
229738891,7-12,calib
229743133,4-6,fit
229745729,13-inf,test
229748103,13-inf,fit
229767929,13-inf,fit
229770431,13-inf,fit
229770891,13-inf,test
229772186,4-6,fit
229776099,13-inf,test
229779634,13-inf,test
229780751,7-12,test
229787369,13-inf,fit
229787530,13-inf,test
229789901,13-inf,calib
229898456,2-3,fit
229911283,13-inf,test
229944367,7-12,fit
229949098,13-inf,test
229965743,13-inf,fit
229966779,13-inf,test
229966858,13-inf,fit
229997353,13-inf,fit
230019644,13-inf,fit
230065783,13-inf,fit
230067355,13-inf,fit
230071682,13-inf,fit
230072574,13-inf,fit
230073127,13-inf,test
230076273,13-inf,test
230077165,13-inf,test
230081402,7-12,fit
230081514,13-inf,fit
230081946,13-inf,test
230082562,13-inf,test
230087750,13-inf,test
230087941,13-inf,fit
230091098,4-6,test
230114084,13-inf,calib
230114936,7-12,fit
230124782,7-12,test
230125740,13-inf,test
230127046,4-6,calib
230133143,13-inf,fit
230133178,4-6,calib
230135747,7-12,fit
230198647,4-6,fit
230199859,4-6,fit
230225787,4-6,test
230374835,13-inf,test
230378747,13-inf,calib
230379106,13-inf,test
230391939,7-12,fit
231012247,4-6,fit
231022348,2-3,test
231044412,4-6,fit
231051247,2-3,test
231055670,4-6,calib
231070206,7-12,fit
231072666,7-12,test
231081634,13-inf,test
231084328,13-inf,test
231091343,7-12,fit
231095496,2-3,test
231627703,4-6,fit
231802287,13-inf,calib
231821698,7-12,test
231825380,4-6,fit
231846416,2-3,test
231861324,2-3,test
231907336,2-3,test
231917352,7-12,test
231967801,7-12,test
232032625,4-6,calib
232075203,7-12,fit
232076054,2-3,fit
232522472,7-12,test
232535880,7-12,fit
232537437,7-12,test
232538287,4-6,fit
232540846,7-12,fit
232602795,13-inf,fit
232609966,13-inf,calib
232617398,13-inf,test
232627112,7-12,fit
232630525,13-inf,test
232634636,13-inf,fit
232636773,13-inf,calib
232644555,4-6,fit
232679537,7-12,fit
232682547,13-inf,fit
232966497,4-6,fit
232969715,2-3,test
232970131,4-6,fit
232975904,7-12,test
232984678,4-6,fit
233010606,13-inf,test
233051360,13-inf,fit
233052567,13-inf,test
233062953,13-inf,calib
233063121,13-inf,fit
233063623,7-12,fit
233065340,13-inf,test
233066763,7-12,calib
233071436,13-inf,test
233073451,13-inf,test
233079504,7-12,fit
233080120,7-12,fit
233082344,7-12,fit
233089770,13-inf,test
233094762,7-12,calib
233098914,13-inf,test
233128986,13-inf,test
233129260,4-6,calib
233129352,7-12,calib
233157284,13-inf,calib
233171680,2-3,test
233174538,7-12,test
233182470,4-6,test
233188971,4-6,calib
233193629,13-inf,fit
233199678,13-inf,fit
233200532,13-inf,test
233203368,13-inf,fit
233210206,13-inf,fit
233212839,13-inf,calib
233436720,2-3,fit
233488457,4-6,test
233501332,13-inf,calib
233501555,7-12,test
233502816,7-12,calib
233504880,13-inf,fit
233518230,7-12,fit
233525703,13-inf,fit
233533816,7-12,test
233540897,13-inf,test
233578672,13-inf,fit
233603709,13-inf,test
233612454,13-inf,fit
233631111,13-inf,test
233631664,13-inf,fit
233632813,13-inf,fit
233657878,13-inf,fit
233679405,13-inf,fit
233683183,7-12,fit
233727455,13-inf,fit
233730201,13-inf,calib
233730505,13-inf,test
233733207,13-inf,fit
233734641,13-inf,test
233734984,13-inf,test
233741918,13-inf,fit
233743348,7-12,fit
233745092,13-inf,fit
233934094,4-6,test
234342573,4-6,test
234509576,4-6,fit
234523528,2-3,fit
234993166,2-3,test
235042681,2-3,test
235561232,4-6,calib
235563772,4-6,test
235680881,13-inf,test
235951122,7-12,fit
235951733,4-6,test
235953116,7-12,fit
235988531,4-6,fit
236288902,2-3,fit
236379550,4-6,test
236759151,7-12,test
236759909,7-12,fit
236890698,4-6,calib
236900797,7-12,fit
237082003,4-6,fit
237097968,13-inf,test
237098012,13-inf,fit
237098343,13-inf,fit
237098754,13-inf,fit
237102227,13-inf,test
237104188,13-inf,calib
237117512,13-inf,calib
237118852,4-6,fit
237126779,2-3,test
237197553,7-12,fit
237199341,13-inf,fit
237199791,13-inf,test
237211863,4-6,test
237217129,13-inf,fit
237220715,7-12,test
237223329,13-inf,test
237228873,13-inf,calib
237232981,13-inf,fit
237252543,4-6,fit
237278258,7-12,fit
237288833,7-12,test
237289147,13-inf,test
237293455,13-inf,test
237340884,4-6,fit
237388253,4-6,calib
237886434,2-3,calib
237906661,2-3,test
237910693,4-6,test
237920857,13-inf,test
237926943,7-12,fit
237930201,2-3,fit
237937700,13-inf,test
238037356,7-12,calib
238060684,4-6,calib
238197355,13-inf,fit
238199780,13-inf,fit
238917141,7-12,test
238947589,13-inf,test
239205761,4-6,calib
239883630,2-3,calib
239976503,2-3,fit
241445862,4-6,calib
243140378,4-6,fit
243151019,2-3,fit
243222345,2-3,calib
243284835,7-12,fit
243285053,13-inf,test
243313540,7-12,fit
243333942,13-inf,test
245861520,4-6,test
246854655,4-6,test
246933345,2-3,fit
247372101,2-3,test
247374720,2-3,fit
247412249,2-3,fit
247463344,7-12,fit
248608056,2-3,fit
248648883,2-3,fit
248989799,2-3,test
251079527,2-3,test
251216282,2-3,test
252878031,2-3,fit
255549208,7-12,fit
255558852,7-12,fit
255587561,2-3,test
255594552,7-12,fit
255617978,7-12,calib
255684155,7-12,fit
255783216,4-6,fit
255926809,4-6,fit
255995023,7-12,fit
256298086,13-inf,test
256664506,4-6,test
257023250,13-inf,fit
257060602,13-inf,calib
257079930,7-12,calib
257088768,7-12,fit
257274009,2-3,test
257303153,2-3,test
257303464,2-3,calib
257432633,2-3,fit
257612675,4-6,fit
257722316,13-inf,test
257738202,2-3,test
258029388,2-3,fit
258067594,4-6,test
258085772,2-3,fit
258354317,7-12,test
258461740,13-inf,fit
258512225,7-12,test
258772290,13-inf,test
258828187,13-inf,fit
258831993,13-inf,fit
258871515,7-12,test
258874963,13-inf,fit
258954539,13-inf,fit
258958036,7-12,test
259005576,13-inf,fit
259039037,13-inf,calib
259099044,7-12,fit
259126839,13-inf,test
259127869,7-12,test
259128910,13-inf,calib
259166291,7-12,calib
259167310,13-inf,test
259232212,13-inf,test
259238917,13-inf,calib
259265911,13-inf,fit
259266100,13-inf,fit
259273813,7-12,calib
259274126,13-inf,test
259643889,7-12,test
259739542,4-6,fit
259929953,2-3,fit
260004371,13-inf,test
260046314,13-inf,fit
260127258,13-inf,fit
260161587,13-inf,calib
260192532,13-inf,fit
260268105,13-inf,test
260295715,7-12,test
260297253,13-inf,calib
260371000,13-inf,test
260415529,13-inf,calib
260418991,4-6,fit
260708591,13-inf,test
260709484,13-inf,test
260981292,13-inf,test
261080720,2-3,test
261090729,7-12,test
261091639,7-12,fit
261104679,7-12,test
261257177,7-12,test
261258358,13-inf,test
261375251,7-12,fit
261401286,7-12,calib
261594070,2-3,test
262710157,7-12,test
262720080,4-6,fit
262873951,7-12,fit
263075972,4-6,test
263601265,4-6,fit
263632601,4-6,fit
263635042,7-12,test
264104463,7-12,test
264216967,7-12,test
264217124,7-12,test
264222290,4-6,fit
264909950,7-12,fit
265373619,2-3,test
265531469,2-3,fit
266075926,2-3,fit
267432303,2-3,test
267542963,13-inf,test
267574639,7-12,fit
267613557,2-3,test
268586596,2-3,fit
269032792,4-6,calib
269178159,4-6,fit
269209376,7-12,calib
269594762,7-12,calib
269660812,13-inf,test
269662152,7-12,calib
269663324,13-inf,fit
269807746,4-6,calib
269851471,2-3,fit
270268773,4-6,fit
270353114,4-6,calib
270375929,2-3,test
270378256,2-3,fit
270453387,4-6,test
270494015,7-12,fit
270494412,4-6,fit
270557837,7-12,fit
270560239,2-3,fit
270621612,4-6,fit
270623243,7-12,test
271519653,2-3,test
271726852,4-6,calib
271796731,7-12,test
271904790,7-12,test
271973332,7-12,fit
271974012,7-12,test
272187046,7-12,calib
272276679,2-3,test
272468304,13-inf,calib
272575721,2-3,test
272614770,4-6,test
272671671,7-12,fit
272680841,13-inf,fit
272703144,7-12,fit
272746339,13-inf,fit
272750988,13-inf,calib
272751211,13-inf,test
272759465,4-6,test
272785718,7-12,calib
272786863,13-inf,calib
273035189,7-12,fit
273474616,7-12,calib
274014993,2-3,fit
274226319,4-6,fit
274271048,2-3,calib
274272069,4-6,test
274673808,4-6,test
274674083,2-3,fit
274696298,7-12,test
275001412,2-3,fit
275294416,4-6,fit
275295023,4-6,test
275626011,4-6,test
275690220,13-inf,test
276231042,2-3,calib
277100210,2-3,calib
277122829,7-12,test
277550936,4-6,test
277832347,2-3,test
277837704,2-3,fit
278198742,7-12,calib
278707867,2-3,calib
278776583,13-inf,calib
278780820,7-12,test
278826800,13-inf,test
278863500,7-12,fit
278866967,7-12,test
278992516,13-inf,fit
279093474,4-6,test
279360705,4-6,fit
279423762,13-inf,calib
279427111,13-inf,test
279614943,13-inf,test
279616701,4-6,calib
279674412,4-6,fit
279876524,4-6,test
279979088,13-inf,test
280034976,13-inf,fit
280071089,13-inf,fit
280072356,13-inf,test
280162536,13-inf,fit
280790195,4-6,fit
280831086,2-3,test
280868316,4-6,calib
280868886,13-inf,calib
280909705,13-inf,test
281191467,2-3,calib
281655530,2-3,fit
281786464,2-3,fit
281839410,2-3,fit
281930612,2-3,calib
282049722,13-inf,fit
282171504,4-6,calib
282924667,4-6,test
282927162,7-12,calib
282927621,7-12,fit
283786963,7-12,test
283828652,4-6,fit
284195157,13-inf,test
284626405,4-6,test
284661762,2-3,fit
284675847,2-3,test
284676604,2-3,test
284892749,13-inf,test
284900411,4-6,fit
284901325,7-12,test
284903300,7-12,fit
284928339,2-3,fit
285093256,2-3,test
285117655,2-3,fit
286055732,4-6,fit
286170847,7-12,fit
286231807,4-6,fit
286395865,4-6,test
286729352,2-3,fit
287080121,13-inf,test
287080187,13-inf,test
287137584,13-inf,fit
287151936,13-inf,test
287152535,13-inf,fit
287185832,2-3,test
287259708,7-12,fit
287348079,2-3,fit
287430858,7-12,fit
287589907,7-12,fit
287979081,7-12,fit
288266795,7-12,fit
288269589,13-inf,test
288298316,13-inf,test
288316797,13-inf,test
288345034,7-12,fit
288345106,13-inf,fit
288375338,2-3,fit
288390626,13-inf,test
288468466,13-inf,test
288487800,4-6,calib
288510228,13-inf,test
288599646,7-12,fit
288602429,13-inf,test
288603254,13-inf,test
288608492,7-12,test
288635288,13-inf,fit
288735542,7-12,fit
289325518,4-6,test
289380626,4-6,test
289510559,7-12,calib
289536774,13-inf,fit
289545024,2-3,fit
289570607,13-inf,fit
289590127,7-12,fit
289819317,2-3,test
289922302,7-12,test
289992527,4-6,fit
290192825,4-6,test
290236103,4-6,fit
290305110,7-12,test
290553990,2-3,test
290604534,2-3,fit
290655395,4-6,fit
290754113,4-6,calib
290975310,2-3,fit
291091020,4-6,calib
293165020,13-inf,fit
293267910,13-inf,fit
293458314,2-3,fit
293483877,2-3,test
293526840,2-3,fit
293686787,4-6,fit
294204563,7-12,fit
294209976,2-3,test
294928018,13-inf,fit
295047203,2-3,calib
297076422,4-6,test
297696978,7-12,test
298072822,4-6,calib
298107954,7-12,test
298183189,2-3,fit
298441199,2-3,fit
298601369,2-3,fit
298648506,7-12,test
298663845,13-inf,fit
298732428,7-12,calib
298781076,7-12,fit
298896336,7-12,test
298957743,2-3,fit
299833015,13-inf,fit
299900425,7-12,test
300034670,7-12,fit
300039564,13-inf,test
300141025,13-inf,calib
300144558,4-6,test
300160400,7-12,test
300163348,7-12,test
300241889,13-inf,fit
300244204,13-inf,test
300287989,4-6,test
300324667,13-inf,calib
300324697,7-12,fit
300509402,7-12,fit
300558459,13-inf,fit
300652548,13-inf,test
300814213,13-inf,test
300863866,13-inf,test
300869410,13-inf,test
300938299,7-12,fit
300939511,13-inf,test
301020470,2-3,fit
301021917,2-3,fit
301082720,2-3,test
301082854,2-3,fit
301797581,4-6,calib
301871184,2-3,test
302211575,7-12,test
302241857,4-6,fit
302242001,4-6,fit
302285797,2-3,fit
302302736,4-6,fit
302350673,2-3,fit
302362581,7-12,test
302398417,4-6,test
302553786,2-3,calib
302964354,4-6,fit
303217572,2-3,test
303365807,2-3,fit
303584211,2-3,fit
304101555,4-6,test
304103353,2-3,fit
304686869,4-6,test
304983634,4-6,test
305233145,2-3,test
305237897,2-3,fit
305852772,7-12,test
306512813,13-inf,fit
306631299,13-inf,fit
306635821,13-inf,calib
306934657,13-inf,fit
307087051,7-12,fit
307434078,2-3,test
307489138,7-12,test
307762301,2-3,fit
307849590,7-12,calib
307955351,13-inf,calib
307955457,13-inf,calib
307984280,7-12,calib
307986421,4-6,fit
308398336,7-12,calib
308663384,7-12,test
308747556,2-3,fit
308930798,2-3,fit
308983576,4-6,fit
308995977,2-3,fit
309001972,4-6,fit
309179410,4-6,test
309401404,4-6,test
309698892,13-inf,test
309700725,7-12,fit
309754803,7-12,fit
309922205,4-6,fit
310001905,7-12,fit
310098477,2-3,fit
310352540,4-6,calib
310355676,4-6,test
310362891,2-3,fit
310979172,4-6,fit
310981801,4-6,fit
311234972,13-inf,calib
311235273,13-inf,fit
311443180,2-3,test
312185288,2-3,fit
313305089,2-3,calib
313485314,4-6,fit
313590845,7-12,fit
314825813,4-6,calib
314829171,7-12,test
315758126,7-12,fit
316256708,2-3,test
316258758,4-6,fit
316420315,4-6,fit
316494199,4-6,test
316517667,4-6,fit
316937718,7-12,calib
318234926,2-3,fit
318928983,4-6,fit
319257744,7-12,fit
319555654,4-6,test
320198956,2-3,test
320340060,4-6,fit
320498138,13-inf,fit
320501933,13-inf,test
321293016,2-3,test
321844134,4-6,test
322325725,7-12,calib
322356178,4-6,test
322362529,4-6,test
322810184,2-3,fit
323463874,4-6,test
323878388,7-12,test
324656458,2-3,calib
325562128,4-6,test
326199506,2-3,test
326201069,4-6,calib
326201351,7-12,fit
328232390,2-3,test
328960420,2-3,test
329248721,13-inf,fit
329248925,7-12,test
329250015,13-inf,test
330658824,2-3,test
331300217,2-3,test
331573567,2-3,fit
332208819,2-3,test
332476910,13-inf,test
332698240,2-3,fit
332858289,2-3,fit
332888505,4-6,test
333605244,4-6,fit
333794492,4-6,test
333794682,2-3,calib
334651890,7-12,test
334798364,13-inf,test
334831854,13-inf,fit
335610394,4-6,calib
335682158,4-6,fit
335682523,4-6,fit
335682956,7-12,fit
335746280,7-12,fit
335964703,13-inf,fit
336007244,7-12,calib
336105245,7-12,test
336778628,2-3,fit
337732281,2-3,fit
339375400,7-12,test
339577695,7-12,calib
339632743,7-12,fit
339668062,7-12,test
341078639,7-12,fit
341501417,4-6,test
341522464,2-3,fit
341618557,7-12,fit
341630038,4-6,fit
341816295,13-inf,fit
341871810,13-inf,fit
343450178,4-6,fit
344024288,4-6,test
344773008,2-3,test
344858976,2-3,fit
345035899,4-6,calib
345945610,2-3,test
346436416,2-3,fit
346446228,7-12,test
346594558,4-6,calib
346893546,2-3,fit
347590875,4-6,fit
347624632,2-3,test
348718444,13-inf,fit
348788705,4-6,fit
348960526,7-12,fit
349091788,13-inf,calib
349092262,7-12,test
349157265,13-inf,test
349268719,7-12,calib
349681324,7-12,test
349765331,13-inf,test
349766259,7-12,fit
349769252,13-inf,calib
349826417,4-6,test
349827424,7-12,test
350096522,7-12,calib
350182638,13-inf,test
350296771,2-3,fit
350334181,13-inf,test
350335823,13-inf,fit
350437239,2-3,test
350443596,13-inf,test
350481129,13-inf,fit
350582439,13-inf,test
350657595,13-inf,test
350716054,7-12,fit
350744943,13-inf,fit
350816446,4-6,test
350817693,7-12,test
350861890,7-12,fit
350992982,2-3,fit
351961693,2-3,calib
352234671,7-12,fit
352316369,4-6,calib
352319881,2-3,fit
352412242,2-3,fit
352698649,7-12,fit
353731941,13-inf,fit
353731979,4-6,fit
353779581,4-6,test
353782854,13-inf,test
353784022,4-6,test
353784254,4-6,test
353808368,7-12,fit
353818437,13-inf,fit
353819595,7-12,test
353820067,2-3,calib
353853816,13-inf,test
353870193,7-12,test
353896700,13-inf,test
353897394,13-inf,test
353935160,13-inf,fit
353936551,13-inf,test
353937949,7-12,test
353990599,13-inf,test
353991512,13-inf,fit
353993248,13-inf,fit
354132979,2-3,fit
354383103,4-6,test
355380999,7-12,fit
355457311,7-12,test
355687729,7-12,calib
355688238,2-3,fit
355689565,7-12,test
355950542,13-inf,calib
355951012,4-6,test
356087112,13-inf,fit
356111025,13-inf,calib
356194749,13-inf,fit
356335577,2-3,test
356582410,4-6,test
356631941,4-6,fit
356701213,13-inf,fit
356735189,7-12,fit
356739947,4-6,test
356785094,7-12,fit
356786645,13-inf,test
356824045,13-inf,test
356865126,13-inf,test
356919787,7-12,fit
356975793,13-inf,fit
356975809,13-inf,test
356976911,13-inf,fit
357099213,7-12,test
357128174,13-inf,fit
357128937,13-inf,fit
357130455,7-12,test
357233448,7-12,calib
357239872,4-6,test
357388709,4-6,test
357399784,2-3,calib
357474184,2-3,fit
357498149,13-inf,fit
357795661,2-3,test
357797497,4-6,fit
358019385,7-12,fit
358049692,4-6,fit
358112861,4-6,fit
358154514,13-inf,fit
358155153,7-12,fit
358180001,7-12,test
358253008,7-12,test
358460382,13-inf,test
358510446,13-inf,fit
358579477,7-12,fit
359313803,7-12,fit
359493952,7-12,fit
359496682,13-inf,test
359557642,13-inf,fit
359583862,7-12,test
359630395,13-inf,fit
359632304,13-inf,test
359848512,2-3,test
360955814,4-6,test
361568774,4-6,fit
362103238,7-12,test
362219539,13-inf,test
362220421,13-inf,fit
362256785,13-inf,fit
363874210,4-6,test
364131317,2-3,fit
364397580,2-3,calib
364591796,13-inf,test
364967680,2-3,test
365105037,2-3,calib
365188734,2-3,fit
365201956,2-3,test
365232678,4-6,fit
365335204,4-6,calib
365338205,4-6,fit
365966774,2-3,fit
365969362,2-3,test
366513872,7-12,fit
366515778,7-12,test
366718889,4-6,calib
366866512,4-6,test
367005196,4-6,test
367008619,2-3,test
367077910,7-12,fit
367098359,2-3,calib
367280987,4-6,test
367586513,2-3,test
367603868,7-12,test
367657859,2-3,calib
367681439,4-6,calib
367683115,2-3,fit
367815123,4-6,test
367857279,7-12,fit
369962331,4-6,fit
370039162,13-inf,calib
370041736,13-inf,calib
370230471,4-6,test
371590963,4-6,test
371814336,4-6,fit
372760175,2-3,test
372819328,7-12,fit
373445488,7-12,calib
373657895,2-3,calib
373675829,4-6,fit
373688703,7-12,test
374018442,2-3,test
374238912,2-3,test
374312797,2-3,fit
374337789,2-3,test
375056704,7-12,fit
375057545,7-12,test
375058315,7-12,test
375061802,7-12,fit
375062455,7-12,fit
375090431,13-inf,fit
375178691,7-12,fit
376847347,13-inf,test
376849303,7-12,fit
376867201,7-12,calib
376871934,13-inf,test
376882962,13-inf,fit
376884757,13-inf,fit
377187995,2-3,fit
377292209,13-inf,fit
379098632,2-3,fit
380527732,2-3,test
380544627,2-3,fit
380941020,2-3,calib
381204994,4-6,fit
381413540,2-3,test
381483073,2-3,fit
381952656,13-inf,calib
381977593,7-12,test
382066186,13-inf,calib
382099717,7-12,test
382147310,7-12,test
382157731,13-inf,calib
382159282,13-inf,calib
382198673,13-inf,test
382259082,4-6,fit
382266487,13-inf,test
382268851,13-inf,calib
382302205,7-12,test
382307690,2-3,calib
382382650,2-3,fit
382463274,2-3,fit
382473126,2-3,fit
382473790,2-3,test
382510066,13-inf,test
382523882,4-6,fit
383646537,4-6,fit
383677476,7-12,calib
385170436,2-3,test
385444964,2-3,test
385997634,4-6,fit
386908873,4-6,calib
387133137,2-3,test
387189935,2-3,fit
387353607,2-3,fit
387539173,4-6,fit
388187719,2-3,calib
388198750,2-3,calib
388198760,7-12,test
388817567,4-6,test
389011840,7-12,fit
389012647,4-6,fit
389100571,2-3,test
389404289,2-3,fit
389501533,13-inf,test
389775059,4-6,fit
389776210,7-12,test
389856146,2-3,fit
389913879,7-12,test
389918321,13-inf,fit
389924116,7-12,test
389960002,7-12,test
389968964,13-inf,calib
390017684,13-inf,test
390018170,13-inf,fit
390022437,7-12,test
390233221,4-6,fit
390558073,2-3,fit
391551371,2-3,test
391900272,7-12,test
392369054,2-3,test
392536314,7-12,calib
392536758,7-12,test
393584709,2-3,test
393796033,2-3,fit
393911159,2-3,fit
394005299,4-6,test
394013623,2-3,calib
394050859,2-3,calib
394051802,13-inf,fit
394120880,4-6,fit
394171820,7-12,fit
394287434,4-6,test
394394591,4-6,test
394557592,2-3,calib
394582214,2-3,fit
394653833,4-6,fit
395320272,2-3,test
396916240,2-3,test
397133030,7-12,test
397354290,4-6,test
397435272,2-3,calib
398267226,4-6,calib
398338027,7-12,fit
399044025,2-3,fit
399105073,2-3,fit
399760463,4-6,fit
399860684,13-inf,test
399914697,7-12,test
399921170,4-6,test
399931536,4-6,test
399960550,4-6,test
400711585,4-6,fit
401398665,2-3,fit
401837890,2-3,test
401912334,4-6,test
402110035,2-3,test
402115421,2-3,test
402236219,2-3,calib
402442750,13-inf,fit
402448314,13-inf,test
402658977,7-12,test
402976323,4-6,fit
403236288,4-6,test
403332425,4-6,test
404105593,4-6,fit
404344156,7-12,fit
404549087,2-3,fit
404738718,2-3,test
404926864,13-inf,fit
405185769,2-3,test
405266942,2-3,test
405305758,4-6,fit
405394992,2-3,fit
405475827,2-3,fit
405580299,4-6,test
406404433,2-3,fit
407621049,13-inf,calib
407695398,2-3,calib
407696589,2-3,fit
407826504,2-3,test
407910627,2-3,test
408290128,2-3,test
408546125,2-3,test
408593961,2-3,test
408728735,4-6,fit
408747892,2-3,fit
408817799,2-3,calib
408824126,2-3,fit
410324206,4-6,fit
410394408,2-3,calib
411841844,2-3,test
413020657,4-6,test
414969627,4-6,fit
415018000,7-12,test
415674181,2-3,calib
415704533,4-6,calib
416265649,7-12,fit
416401346,13-inf,test
416488611,4-6,test
416537628,4-6,test
416605630,2-3,test
416615728,4-6,fit
416815016,7-12,fit
417581749,4-6,calib
417707531,4-6,fit
417757363,7-12,calib
417867613,4-6,test
417915215,4-6,fit
417920395,4-6,fit
417921620,4-6,calib
418342346,4-6,test
418386461,2-3,fit
418468534,2-3,calib
418477085,7-12,fit
419635831,2-3,fit
420001714,2-3,fit
420033690,4-6,test
420108194,13-inf,test
420130101,13-inf,fit
420303093,2-3,fit
422045258,2-3,fit
422048416,2-3,fit
422246096,2-3,calib
422274184,2-3,calib
422355010,7-12,test
423025387,13-inf,fit
423184161,4-6,calib
423669556,2-3,test
423811237,2-3,test
424388839,13-inf,calib
424436126,4-6,calib
424439672,13-inf,test
424696771,7-12,test
424730553,13-inf,test
424730909,13-inf,calib
425863917,2-3,fit
425865767,7-12,fit
425907893,2-3,fit
427338599,4-6,fit
427581474,4-6,test
428798205,7-12,calib
429002710,4-6,calib
430671343,2-3,fit
434138790,4-6,test
434497459,2-3,fit
435537359,4-6,test
435676185,4-6,test
435680679,4-6,fit
435920675,4-6,calib
436865119,4-6,fit
437025818,2-3,test
437057507,2-3,test
437251093,4-6,fit
437256180,2-3,fit
438406511,4-6,fit
439898601,2-3,test
441153565,2-3,fit
441565446,2-3,test
441630858,4-6,test
441639062,4-6,calib
441661659,4-6,calib
441663519,7-12,fit
441705313,4-6,fit
441716136,7-12,test
441716248,13-inf,test
441719749,13-inf,calib
441720612,4-6,fit
441727778,7-12,test
441729251,13-inf,test
441729468,7-12,calib
441732064,7-12,test
441732126,13-inf,test
441732984,13-inf,fit
441734619,2-3,test
441736266,13-inf,fit
441740342,7-12,fit
441741016,7-12,test
441741575,13-inf,fit
441742021,13-inf,fit
441761798,7-12,fit
441763983,13-inf,fit
441790989,7-12,fit
441794991,13-inf,fit
441802995,13-inf,test
441812191,13-inf,fit
442932513,2-3,test
443584533,2-3,fit
443588000,2-3,fit
443616599,4-6,test
443892394,4-6,fit
443968804,4-6,test
444045759,4-6,calib
444743727,4-6,fit
445030227,2-3,test
445832471,2-3,calib
445855689,7-12,fit
445918502,4-6,test
445927794,4-6,calib
446162500,2-3,fit
446168745,4-6,fit
450027779,2-3,fit
452386765,2-3,fit
452446269,2-3,fit
453098271,4-6,calib
453121186,4-6,test
454492584,2-3,test
455305368,2-3,test
456343194,2-3,test
457161589,2-3,calib
458460638,7-12,test
458516874,2-3,fit
458646284,2-3,fit
458711066,2-3,test
459217634,4-6,calib
459242821,7-12,fit
459246072,4-6,fit
459763930,2-3,test
459837143,4-6,test
459838958,2-3,test
459865437,4-6,fit
459893772,4-6,fit
459957047,7-12,fit
459966401,2-3,fit
459970268,13-inf,fit
459970335,13-inf,fit
461497076,13-inf,fit
461516246,7-12,fit
461539894,7-12,fit
461561350,2-3,test
461593015,7-12,fit
462519478,2-3,fit
462575265,7-12,fit
462575551,13-inf,test
462670205,4-6,fit
466222276,2-3,calib
466441181,2-3,test
467182449,7-12,fit
467184554,4-6,fit
467223244,2-3,test
467350224,2-3,test
467781820,2-3,test
468178193,4-6,fit
468327411,2-3,test
468336171,2-3,test
468353682,7-12,fit
468461718,4-6,fit
468607863,4-6,test
468719286,4-6,fit
468797613,7-12,fit
468807465,2-3,test
468938969,4-6,test
469943599,7-12,calib
469981586,7-12,test
470120772,4-6,fit
470128342,4-6,fit
470149057,4-6,test
470206204,4-6,test
