toi,tic,n_binned,prepare_s,tls_period,tls_sde,tls_n_periods,tls_s,tschudi_period,tschudi_resolved,tschudi_harmonic_ratio,tschudi_trigger,tschudi_s,wall_s
1054.01,366989877,3946,8.086215734481812,7.754554938385785,8.236718757966655,2133,6.286101341247559,7.754554938385785,False,1,odd_even_mismatch,0.02487468719482422,14.410152673721313
1073.01,158297421,3379,0.4083588123321533,3.9252435998615085,19.649194385585563,3137,8.102302074432373,3.9252435998615085,False,1,none,0.002964496612548828,8.516149044036865
1124.01,128790976,3509,0.3497629165649414,3.518062290782373,25.966674884699454,1357,4.929133892059326,3.518062290782373,False,1,none,0.003290891647338867,5.285308361053467
1144.01,28230919,6802,0.7059595584869385,4.886711704149931,40.600370952520024,7192,24.59753441810608,4.886711704149931,False,1,none,0.0044515132904052734,25.311414003372192
123.01,290131778,3737,0.37492895126342773,3.305574272744223,17.001267179647453,470,2.988939046859741,3.305574272744223,False,1,none,0.003571033477783203,3.370681047439575
1243.01,219698776,7141,0.7864339351654053,4.659741067330268,29.99602522593435,33243,93.84224462509155,4.659741067330268,False,1,none,0.006783723831176758,94.64039087295532
1249.01,232976128,13213,1.3948094844818115,13.07848634826292,82.67588411839989,24304,87.92592811584473,13.07848634826292,False,1,none,0.006327152252197266,89.33179187774658
1301.01,356867115,39442,4.106977462768555,6.096060669497788,84.94726434053959,49201,394.9596347808838,6.096060669497788,False,1,none,0.02638101577758789,399.1055405139923
1339.01,269701147,28055,2.812256336212158,8.879785460579786,65.0927857775548,34176,196.29656624794006,8.879785460579786,False,1,none,0.014184236526489258,199.13064551353455
134.01,234994474,3753,0.3907921314239502,1.4012288975260305,19.85382003146839,3927,9.098066091537476,1.4012288975260305,False,1,none,0.004318952560424805,9.496319055557251
1346.02,219852882,40777,4.164264678955078,23.794248088770935,14.740614477413043,46867,446.2194929122925,23.794248088770935,False,1,none,0.013236284255981445,450.43894147872925
1414.01,125442121,2781,0.3085622787475586,3.020966706712858,14.995744609931515,1149,4.175938606262207,3.020966706712858,False,1,none,0.003475666046142578,4.490998029708862
1425.01,350132371,12653,1.2348928451538086,2.063648518389801,57.626290879783575,13310,78.04539155960083,2.063648518389801,False,1,equal_depth_secondary,0.11072635650634766,79.4083788394928
144.01,261136679,19394,1.7804207801818848,27.448907851745506,21.890089989499423,30587,143.52971148490906,27.448907851745506,False,1,none,0.007561445236206055,145.32591009140015
1462.01,188768068,16202,1.5295064449310303,2.1780494100238807,44.58223933514662,19050,66.52902841567993,2.1780494100238807,False,1,none,0.02085733413696289,68.09003829956055
1469.01,283722336,6453,0.596024751663208,3.092854594105623,54.063308148363824,30047,64.96390128135681,3.092854594105623,False,1,none,0.007788419723510742,65.57271957397461
1474.01,427654774,5457,0.6550064086914062,5.224431432878891,23.04062146029073,12352,30.02789545059204,5.224431432878891,False,1,none,0.0035021305084228516,30.68894624710083
1476.01,432549364,2607,0.309337854385376,1.2177363296643822,24.789182250954973,1230,3.7545812129974365,1.2177363296643822,False,1,none,0.0035927295684814453,4.070039987564087
150.01,271893367,16023,1.6423513889312744,5.8561454314546655,35.96057353656293,6121,40.449209451675415,5.8561454314546655,False,1,none,0.0075702667236328125,42.103358030319214
1573.01,302773669,9899,0.9911916255950928,21.216082225389805,88.52295084870671,11164,35.451175928115845,21.216082225389805,False,1,none,0.005275249481201172,36.45130014419556
1580.01,354469661,3855,0.42387938499450684,4.793008892954703,23.122699265961714,680,3.0340023040771484,4.793008892954703,False,1,none,0.003334522247314453,3.4637835025787354
1644.01,22843856,2974,0.3200383186340332,1.8506897808174343,25.392856293137616,2104,5.47633957862854,1.8506897808174343,False,1,none,0.0033483505249023438,5.802297830581665
1695.01,422756130,13136,1.3768155574798584,3.1342100099875467,53.59861948173684,37884,145.29332184791565,3.1342100099875467,False,1,none,0.010793685913085938,146.6878867149353
1716.01,14336130,3565,0.37508559226989746,8.090257134786928,16.063475256537743,1694,4.801740884780884,8.090257134786928,False,1,none,0.0028634071350097656,5.182133674621582
1723.01,71431780,7013,0.7089526653289795,13.726444140190186,33.03781878880641,17507,42.43296766281128,13.726444140190186,False,1,none,0.004031181335449219,43.14882183074951
1728.01,285048486,3565,0.3989846706390381,3.4897481622372166,23.20742604687346,3517,8.560548067092896,3.4897481622372166,False,1,none,0.003177165985107422,8.965202331542969
174.04,425997655,14938,1.4299969673156738,3.976199970822691,14.80878308259261,44368,181.1994333267212,3.976199970822691,False,1,none,0.02791762351989746,182.67261338233948
1743.01,219860288,38193,5.743587493896484,4.266152034733423,68.1312509542887,75575,783.9592323303223,4.266152034733423,False,1,none,0.03049921989440918,789.7481698989868
1749.03,233602827,36471,3.7546427249908447,2.3886860515016233,16.584667501659364,57513,580.3331956863403,2.3886860515016233,False,1,none,0.043889522552490234,584.1541798114777
1773.01,332064670,3519,0.41393470764160156,0.736451862093796,24.85460284214974,2504,6.694222927093506,0.736451862093796,False,1,none,0.005942583084106445,7.11817741394043
1797.01,368435330,2823,0.2763350009918213,3.645372645493163,15.21104720570001,2300,5.768641710281372,3.645372645493163,False,1,none,0.0033721923828125,6.051741600036621
1810.01,373693175,3348,0.3830864429473877,1.32770625151176,35.097939527282136,2061,6.412091493606567,1.32770625151176,False,1,none,0.004255533218383789,6.802947521209717
1824.01,142387023,7363,0.769036054611206,22.79591698388561,25.11581948480169,7218,20.29245948791504,22.79591698388561,False,1,none,0.0035216808319091797,21.06795024871826
1862.01,321668398,9887,1.075587511062622,5.642149926466878,24.034955645800736,3958,17.592341661453247,5.642149926466878,False,1,none,0.0052258968353271484,18.67705488204956
190.01,166739520,6383,0.6862771511077881,10.021306979588722,39.478206696359855,3658,13.158486366271973,10.021306979588722,False,1,none,0.003334522247314453,13.850799560546875
1901.01,19684256,2743,0.33040881156921387,1.366843438906572,26.30163010058573,2121,5.924166440963745,1.366843438906572,False,1,none,0.00394892692565918,6.261785984039307
1920.01,363851359,3170,0.41420412063598633,2.5430321320953078,11.708538584743518,1334,4.662753343582153,2.5430321320953078,False,1,none,0.003438234329223633,5.083198308944702
1929.01,157266693,6271,0.7253375053405762,3.8545440946435,26.551063660617167,4622,16.28092932701111,3.8545440946435,False,1,none,0.0052716732025146484,17.015483856201172
1934.01,125739286,3642,0.39136242866516113,4.509600797687491,22.41451010674962,1067,4.368780136108398,4.509600797687491,False,1,none,0.0040013790130615234,4.767414569854736
2011.02,136916387,2931,0.3128519058227539,9.600497680538812,7.308563450828436,2123,5.776811361312866,9.600497680538812,False,1,none,0.0012030601501464844,6.093545913696289
2014.01,198588220,7127,0.7372925281524658,4.809586472218752,32.91408503605616,1701,8.569708108901978,4.809586472218752,False,1,none,0.005074739456176758,9.31575632095337
2024.01,255930614,6693,0.65952467918396,2.8763663348969954,43.79103058236422,3042,12.217848300933838,2.8763663348969954,False,1,none,0.005101203918457031,12.885655641555786
2046.01,468574941,7083,0.7689437866210938,1.4970789529192046,56.087491722139106,4094,18.10856032371521,1.4970789529192046,False,1,none,0.006944417953491211,18.888606548309326
205.01,281575427,7480,0.7543911933898926,4.253095470012665,17.310307687157426,3346,11.665534019470215,4.253095470012665,False,1,none,0.005143165588378906,12.428350448608398
2129.01,101721385,6962,0.7175850868225098,4.628690697371425,35.16834714115543,3012,11.971063137054443,4.628690697371425,False,1,none,0.005578041076660156,12.698785781860352
2135.01,76419763,3446,0.3906693458557129,2.790777555909807,23.457332331783345,1845,5.726152420043945,2.790777555909807,False,1,none,0.0040225982666015625,6.124894857406616
2199.01,369455629,3362,0.41922903060913086,3.3799830652014538,15.552632984054563,1380,4.550991773605347,3.3799830652014538,False,1,none,0.003614664077758789,4.977070093154907
2274.01,289164482,6564,0.6624374389648438,13.553673556714038,12.988045435692149,52885,143.21780705451965,13.553673556714038,False,1,none,0.003432035446166992,143.89049410820007
2319.02,349488688,3512,0.39507079124450684,8.526165961889395,5.263810282568066,1447,4.570594549179077,8.526165961889395,False,1,none,0.0030546188354492188,4.971615552902222
2322.02,300812741,38502,3.922727108001709,13.671075640109676,14.764150616118181,50232,460.475622177124,13.671075640109676,False,1,none,0.01696944236755371,464.42502760887146
2337.01,230001847,24758,2.762918710708618,2.994333905511476,48.04109066679827,36189,243.23083877563477,2.994333905511476,False,1,none,0.02994847297668457,246.03990864753723
2414.01,237320326,2392,0.39029788970947266,1.7780396969165961,24.27691483410247,1963,5.350128412246704,1.7780396969165961,False,1,none,0.004000425338745117,5.747973442077637
2416.01,237922465,14983,1.7415869235992432,8.275444349066488,44.09406456180885,17482,93.1568124294281,8.275444349066488,False,1,none,0.010360240936279297,94.91391777992249
250.01,184240683,3727,0.4705328941345215,1.6275521759954072,27.551722922921556,2157,6.885263919830322,1.6275521759954072,False,1,none,0.0037994384765625,7.362265348434448
2524.01,169249234,6439,0.8011691570281982,7.186243071823463,22.93525491566098,3973,13.688989162445068,7.186243071823463,False,1,none,0.0035479068756103516,14.496432304382324
2579.01,103751498,11086,1.279599666595459,3.715049058539131,75.53434785964178,14070,75.17905879020691,3.715049058539131,False,1,none,0.010495185852050781,76.4760308265686
2580.01,102713734,3260,0.48468470573425293,3.396761296092832,19.091656314763362,889,3.4961659908294678,3.396761296092832,False,1,odd_even_mismatch,0.02075362205505371,4.004169225692749
272.01,268766053,2610,0.3876500129699707,3.3102681048428955,31.720159551110363,2036,5.460991859436035,3.3102681048428955,False,1,none,0.0027990341186523438,5.853986024856567
282.04,29781292,39900,4.135073661804199,22.891060256547473,151.68058544190816,23008,179.6681113243103,22.891060256547473,False,1,none,0.013739347457885742,183.8236153125763
3071.01,452006073,3786,0.5239558219909668,1.2671892966883835,16.622418451241973,1598,5.427226781845093,1.2671892966883835,False,1,none,0.005006313323974609,5.9600043296813965
333.01,224245334,2989,0.4488377571105957,3.775479578088274,12.847319604655441,1920,5.685603380203247,3.775479578088274,False,1,none,0.0036165714263916016,6.141355752944946
3362.01,464300749,7511,0.9284172058105469,18.07737026502263,21.436785909517276,2371,10.215368747711182,18.07737026502263,False,1,none,0.004213094711303711,11.151671171188354
351.01,228381868,2941,0.42310142517089844,3.4641309070645616,12.689363306078212,726,3.47536039352417,3.4641309070645616,False,1,none,0.0032906532287597656,3.904571294784546
3681.01,285272237,3414,0.4806082248687744,4.640556321375112,22.12314926016076,2177,6.53417444229126,4.640556321375112,False,1,none,0.003797769546508789,7.022104978561401
3682.01,28961316,8874,1.048302173614502,3.3451276422560787,21.905533445769798,2494,12.000081062316895,3.3451276422560787,False,1,none,0.006707191467285156,13.059782266616821
3791.01,400432230,10237,1.248664140701294,3.1831326828383673,56.12886421366621,20590,92.32479333877563,3.1831326828383673,False,1,none,0.01371908187866211,93.59525108337402
3807.01,289661991,5830,0.7304420471191406,2.89913852079357,41.21697122360421,21101,57.5294349193573,2.89913852079357,False,1,none,0.011878252029418945,58.278470516204834
390.01,250386181,3013,0.41272401809692383,1.4702381667872575,23.768584679390106,2291,6.121390104293823,1.4702381667872575,False,1,none,0.0036919116973876953,6.54090428352356
4029.01,393633044,1513,0.2540745735168457,5.8827888035948535,6.6293996629330865,1184,3.0469601154327393,5.8827888035948535,False,1,none,0.002396106719970703,3.3057003021240234
411.01,100990000,5417,0.5464041233062744,9.569486060896942,15.351291826393881,4609,11.829873323440552,9.569486060896942,False,1,none,0.0038306713104248047,12.383394718170166
413.01,170634116,6431,0.713627815246582,3.660875099230199,41.53046284698838,3463,13.549437999725342,3.660875099230199,False,1,none,0.004323005676269531,14.270291805267334
421.01,94986319,6279,0.6861348152160645,16.072902328453942,32.627197640340974,6462,19.03032112121582,16.072902328453942,False,1,none,0.0038144588470458984,19.723588228225708
4304.01,366443426,3254,0.4322819709777832,2.998966108591484,7.485131545616364,1544,4.649058818817139,2.998966108591484,False,1,none,0.00404810905456543,5.08854866027832
4329.01,256722647,10402,1.2703790664672852,2.922940858660852,28.137335198744303,3202,16.59545063972473,2.922940858660852,False,1,none,0.010334253311157227,17.88235378265381
4379.01,97766057,3670,0.5494015216827393,3.249775689130192,11.005398138940238,756,3.4899706840515137,3.249775689130192,False,1,none,0.0032384395599365234,4.045241355895996
4440.01,164786087,10262,1.3473262786865234,4.082429710504184,41.43244682009872,38849,148.20676827430725,4.082429710504184,False,1,none,0.011960029602050781,149.5736119747162
4474.01,264508014,7256,0.888446569442749,3.312160480624403,12.937091547279906,31936,97.3650414943695,3.312160480624403,False,1,none,0.012386798858642578,98.27331566810608
4479.01,126606859,3666,0.5377902984619141,1.1585500831385838,19.715203544918168,4653,10.922581434249878,1.1585500831385838,False,1,none,0.004652261734008789,11.468592405319214
4517.01,301289516,2257,0.33442234992980957,1.2088991712270838,19.526455026413853,3123,6.4507896900177,1.2088991712270838,False,1,none,0.003448486328125,6.791224718093872
4521.01,439842788,4697,0.6228740215301514,3.0717374554495236,113.63429861072416,46565,115.7391357421875,3.0717374554495236,False,1,none,0.010214090347290039,116.3778965473175
4529.01,384888319,5338,0.7075304985046387,5.880855904918146,24.806712135821922,8850,21.182363033294678,5.880855904918146,False,1,none,0.0038590431213378906,21.897024393081665
4544.01,435339847,3420,0.5000097751617432,9.121940662280846,6.736351951807204,2926,7.243041038513184,9.121940662280846,False,1,none,0.002675294876098633,7.748236179351807
4570.01,137402055,7598,0.997542142868042,1.9732692426034824,14.934352996806865,8026,26.66385269165039,1.9732692426034824,False,1,none,0.005982637405395508,27.670806169509888
4602.01,467651916,6269,0.7539529800415039,3.9811798073320386,21.82689095101497,4176,11.336995840072632,3.9811798073320386,False,1,none,0.003874540328979492,12.097578048706055
465.01,270380593,3009,0.35616564750671387,3.8386400743812894,21.041740873116712,2737,7.154705286026001,3.8386400743812894,False,1,none,0.003618955612182617,7.517728090286255
466.01,4616072,6195,0.7382228374481201,4.188590760696697,23.3867147984469,3977,13.388585805892944,4.188590760696697,False,1,none,0.0038471221923828125,14.133404970169067
479.01,306362738,2961,0.3460819721221924,2.7815132528974207,29.662602074299006,1819,5.35554313659668,2.7815132528974207,False,1,none,0.003591775894165039,5.708685636520386
4930.01,307221757,3787,0.46364426612854004,6.78254126973188,13.75034930770709,1925,5.929633378982544,6.78254126973188,False,1,none,0.0029091835021972656,6.398676633834839
505.01,268644785,6385,0.701176643371582,3.330470000667159,42.77124463532785,4526,16.92151641845703,3.330470000667159,False,1,none,0.004874467849731445,17.631470441818237
5067.01,117275513,9498,1.1035833358764648,4.689510568181353,26.950639854003445,9108,31.88292932510376,4.689510568181353,False,1,none,0.005429506301879883,32.995596170425415
508.01,425206121,3209,0.37551116943359375,4.6108548754734375,29.841545820717567,1163,3.9974260330200195,4.6108548754734375,False,1,none,0.0028066635131835938,4.378148555755615
5111.01,203289099,9629,1.125702142715454,3.355339168799748,17.893791535826782,12814,46.357908725738525,3.355339168799748,False,1,none,0.005829811096191406,47.4932746887207
5160.01,4165850,3344,0.4225013256072998,8.559915843658775,5.790722560730072,2254,5.799560546875,8.559915843658775,False,1,none,0.002697467803955078,6.227221727371216
535.01,280210963,2973,0.4336059093475342,2.8271016828727187,12.273837521961841,1803,4.983175992965698,2.8271016828727187,False,1,none,0.0029332637786865234,5.422173023223877
5489.02,468983280,3165,0.40522170066833496,1.6389723033097552,7.526611099319686,4291,9.575063943862915,1.6389723033097552,False,1,none,0.0036842823028564453,9.98681926727295
5558.01,14570099,9500,1.1095783710479736,26.19068009882088,15.227571299427725,11170,38.842851877212524,26.19068009882088,False,1,none,0.004118680953979492,39.959702253341675
560.02,101011575,2568,0.3428459167480469,3.333250603057774,6.722355664180349,3403,7.393780469894409,3.333250603057774,False,1,none,0.003164052963256836,7.742714881896973
565.01,1103432,2591,0.37316370010375977,3.728032182208961,13.9307738597629,747,3.19124436378479,3.728032182208961,False,1,none,0.0030248165130615234,3.570084571838379
5676.01,311133118,3675,0.4571044445037842,3.505172805770515,42.616128962806904,6920,16.914117574691772,3.505172805770515,False,1,none,0.0032165050506591797,17.377694368362427
576.01,408310006,2628,0.39334726333618164,5.447673433892627,20.756317957370648,1552,4.581935167312622,5.447673433892627,False,1,odd_even_mismatch,0.01738262176513672,4.996018886566162
5806.01,283621618,3926,0.4770324230194092,3.1884106803485817,24.802508332639384,1471,5.219949007034302,3.1884106803485817,False,1,none,0.0033783912658691406,5.702816486358643
5963.01,436478932,3336,0.42507004737854004,4.32290237035145,30.495389170861504,1563,5.016079425811768,4.32290237035145,False,1,none,0.002886533737182617,5.446340084075928
6016.01,327369524,7305,0.861314058303833,4.022611010585968,25.332127735477624,2718,11.246121168136597,4.022611010585968,False,1,none,0.005169391632080078,12.116315364837646
6019.01,125520907,3603,0.40492820739746094,7.2765634843799285,4.575233253711226,736,3.176541566848755,7.2765634843799285,False,1,none,0.0034117698669433594,3.588148355484009
6101.01,19342878,3134,0.45383453369140625,1.3320843881070954,30.783788382660937,1920,5.716151714324951,1.3320843881070954,False,1,none,0.0048563480377197266,6.178402900695801
652.01,22221375,3212,0.41396594047546387,3.9845197851590504,18.402356087501282,2144,5.0861124992370605,3.9845197851590504,False,1,none,0.0029244422912597656,5.505517244338989
663.02,54962195,2683,0.37360692024230957,4.69683575956162,13.439611130750768,3536,7.819619178771973,4.69683575956162,False,1,none,0.0028836727142333984,8.198917865753174
6719.01,92449173,3031,0.41533851623535156,2.1745099536241903,14.970594627158459,959,3.759141206741333,2.1745099536241903,False,1,none,0.003206014633178711,4.180304765701294
685.01,281731203,3165,0.41518568992614746,11.647491748610534,14.30963758202142,747,3.3533294200897217,11.647491748610534,False,1,none,0.0034036636352539062,3.774949073791504
696.02,77156829,5644,0.5531513690948486,3.694666052808158,11.23524215204944,11747,29.160500288009644,3.694666052808158,False,1,none,0.004342555999755859,29.721644401550293
6965.01,80224448,6249,0.6512048244476318,5.967644541810589,13.781732993347442,4358,11.498024225234985,5.967644541810589,False,1,none,0.003957271575927734,12.156441926956177
704.01,260004324,37523,4.045122861862183,3.814201945288878,37.333930075678666,62861,488.2102530002594,3.814201945288878,False,1,none,0.03435111045837402,492.30552196502686
7461.01,271052158,2939,0.41121649742126465,13.019885299501984,8.18902671643173,2438,6.4409754276275635,13.019885299501984,False,1,none,0.0014848709106445312,6.85666036605835
755.01,73228647,3061,0.400282621383667,2.5416388987582534,13.615923725020457,2291,5.558945655822754,2.5416388987582534,False,1,none,0.0031785964965820312,5.964948654174805
756.01,73649615,5835,0.7552473545074463,1.2394735829934223,27.60968961638775,9058,25.086853504180908,1.2394735829934223,False,1,none,0.006239652633666992,25.852484703063965
773.01,286865921,2966,0.409074068069458,4.973287617335637,22.61060168167108,1800,5.085224151611328,4.973287617335637,False,1,none,0.0045185089111328125,5.502395868301392
7901.01,237158650,11000,1.3729572296142578,4.146974687642306,10.020742707266939,21891,90.85469961166382,4.146974687642306,False,1,none,0.014374971389770508,92.25063371658325
820.01,111991770,2216,0.33626484870910645,3.756453364612112,20.73695724538203,1002,3.2710814476013184,3.756453364612112,False,1,none,0.003086566925048828,3.6135168075561523
880.01,34077285,3196,0.398665189743042,6.383246737093204,22.567199784798163,2925,7.320531368255615,6.383246737093204,False,1,none,0.002841949462890625,7.72451376914978
