toi,h3_transits_in_early,b2_eligible
101.01,17,yes
1055.01,2,yes
106.01,98,yes
1075.01,33,yes
1098.01,5,yes
110.01,16,yes
113.01,8,yes
1135.01,13,yes
1174.01,10,yes
1236.01,6,yes
1244.01,42,yes
1265.01,20,yes
1347.01,322,yes
135.01,7,yes
1458.01,7,yes
1465.01,67,yes
1477.01,6,yes
159.01,8,yes
1645.01,10,yes
165.01,28,yes
1651.01,18,yes
1710.01,3,yes
1717.01,6,yes
1730.01,3,yes
174.01,7,yes
1744.01,10,yes
175.01,43,yes
1750.01,23,yes
1774.01,2,yes
1797.02,22,yes
1811.01,6,yes
1873.03,6,yes
1900.01,16,yes
1902.01,13,yes
1921.01,5,yes
1926.01,37,yes
1927.01,15,yes
1935.01,4,yes
2018.01,4,yes
2076.01,4,yes
2084.01,33,yes
2096.02,12,yes
2136.01,3,yes
2141.01,3,yes
2182.01,15,yes
2204.01,10,yes
232.01,18,yes
242.01,4,yes
2503.01,14,yes
260.01,2,yes
2641.01,9,yes
277.01,5,yes
3082.01,12,yes
3331.01,12,yes
3364.01,8,yes
3540.01,9,yes
3688.01,9,yes
3862.01,25,yes
391.01,10,yes
3919.01,4,yes
4010.01,10,yes
403.01,6,yes
4155.01,26,yes
418.01,19,yes
4308.01,3,yes
431.01,2,yes
4311.01,1,no (H3)
439.01,6,yes
4405.01,46,yes
4446.01,22,yes
4457.01,22,yes
448.01,28,yes
4482.01,19,yes
4518.01,5,yes
4533.01,16,yes
4547.01,4,yes
4587.01,15,yes
4589.01,3,yes
4612.01,16,yes
4623.01,12,yes
4662.01,6,yes
478.01,15,yes
480.01,3,yes
495.01,18,yes
5087.01,1,no (H3)
5089.01,13,yes
5138.01,27,yes
5164.01,9,yes
5173.01,5,yes
536.01,2,yes
5380.01,9,yes
550.01,2,yes
5529.01,12,yes
558.01,4,yes
5605.01,4,yes
567.01,12,yes
5713.01,6,yes
578.01,10,yes
5815.01,4,yes
5969.01,3,yes
6021.01,12,yes
6109.01,2,yes
6276.02,11,yes
654.01,14,yes
663.03,4,yes
6726.01,2,yes
6962.01,4,yes
697.01,5,yes
7066.01,0,no (H3)
715.01,16,yes
748.01,10,yes
757.01,2,yes
771.01,30,yes
774.01,4,yes
784.01,18,yes
799.01,18,yes
822.01,2,yes
827.01,55,yes
871.01,6,yes
883.01,2,yes
