toi,tic,n_binned,prepare_s,bls_period,bls_index,bls_n_periods,bls_power_max,bls_s,device,wall_s
101.01,231663901,3756,10.551666498184204,1.4304608720233902,25270,38117,0.018419775423715017,1.9272806644439697,cuda:1,12.870342254638672
102.01,149603524,36917,4.584311246871948,4.411947844644325,5652044,6268212,0.08910175449725981,173.91268610954285,cuda:1,178.5637023448944
103.01,336732616,3736,0.500176191329956,3.5477593188287577,33046,37738,0.006006039023807931,0.6999518871307373,cuda:1,1.2007989883422852
104.01,231670397,3756,0.4492368698120117,4.088276836109039,34098,38117,0.0007849195662984,0.7397849559783936,cuda:1,1.1894078254699707
105.01,144065872,3753,0.4689352512359619,2.1845926354445484,29959,38119,0.009266234038001664,0.7382490634918213,cuda:1,1.2075474262237549
1052.01,317060587,7704,0.8977935314178467,9.139572412553564,6025702,6268189,4.43685161705166e-06,66.71337819099426,cuda:1,67.67922019958496
1054.01,366989877,3946,0.46806979179382324,15.508855829728446,39113,39669,6.378390959090313e-06,0.9847040176391602,cuda:1,1.4535436630249023
106.01,38846515,39652,4.978896617889404,2.8493945572445836,5203658,6205921,0.041343385272749146,183.53416323661804,cuda:1,188.58053135871887
1062.01,299799658,7182,0.8369882106781006,4.114887181985188,5599871,6268188,8.602686998137154e-06,64.7047598361969,cuda:1,65.60803008079529
1064.01,79748331,3311,0.42185044288635254,6.440219339574262,27384,29049,1.0697356289526674e-05,0.5386612415313721,cuda:1,0.9611163139343262
1065.01,7088246,3469,0.49115896224975586,2.1603470434813916,24246,30887,0.005521277088689228,0.7394130229949951,cuda:1,1.230851411819458
1067.01,201642601,3946,0.5586767196655273,3.1320343712932646,33963,39668,0.007461103033811717,0.9855606555938721,cuda:1,1.5446579456329346
1069.01,31858843,3465,0.46633028984069824,2.9781591554872717,26176,30798,0.007504887967993449,0.730708122253418,cuda:1,1.1972951889038086
1072.01,140830390,9810,1.2676610946655273,12.839299482911905,330693,338359,0.003804514885683567,4.20383095741272,cuda:1,5.473889112472534
1073.01,158297421,3379,0.48588085174560547,3.9222519742640922,27494,30851,0.013420070870724271,0.6960492134094238,cuda:1,1.1822412014007568
1076.01,360742636,3881,0.5111007690429688,2.5484525402572293,32486,39668,0.014257067075376714,0.9462716579437256,cuda:1,1.457756757736206
108.01,289793076,3737,0.5786623954772949,3.0421515911559633,32155,37750,0.021404561644415877,0.7018120288848877,cuda:1,1.280893325805664
1084.01,380589029,3906,0.5738034248352051,1.34859792924192,25430,39666,0.037545279121318206,0.9596939086914062,cuda:1,1.533884048461914
1098.01,383390264,7050,0.8729283809661865,1.166703645114211,84214,144916,0.0004275128897933731,1.7120893001556396,cuda:1,2.586000919342041
1099.01,290348383,3946,0.46234774589538574,6.444853304471719,37280,39668,8.519582445437843e-06,0.9845972061157227,cuda:1,1.4472980499267578
110.01,281459670,7480,1.0409855842590332,3.1735939262014847,133110,155371,0.016501669117501606,1.9087553024291992,cuda:1,2.9506421089172363
1107.01,394561119,7269,0.9431986808776855,4.078027299555012,131726,147632,0.00479563940094138,1.810591220855713,cuda:1,2.754746198654175
112.01,388104525,19010,2.4677371978759766,2.499807235630482,3566173,4383506,0.06633748102862658,75.65074276924133,cuda:1,78.16452383995056
1124.01,128790976,3509,0.3997030258178711,3.519093765442883,27526,31419,0.0008067698923438065,0.7994821071624756,cuda:1,1.199923038482666
1136.04,142276270,13212,1.4205663204193115,29.215498158303355,2903232,2904555,6.730174676112516e-05,40.272114992141724,cuda:1,41.72101640701294
1138.01,110428269,2220,0.2753157615661621,0.6495413483138068,5310,22500,0.00010589013252385614,0.4420042037963867,cuda:1,0.7176134586334229
114.01,25155310,40662,5.301984071731567,3.2888129029615905,5405339,6268210,0.03189857520948995,189.33199977874756,cuda:1,194.70209455490112
1141.01,159510109,24323,2.917940378189087,16.948726969224808,6004818,6084228,1.2927952397027973,123.76374077796936,cuda:1,126.74819302558899
1144.01,28230919,6802,0.7904257774353027,4.8889236373870215,131131,143636,0.0007658880452599155,1.6770343780517578,cuda:1,2.468712329864502
115.01,281541555,7480,1.069206714630127,4.742769723052306,141344,155369,0.004774805824791707,1.9094808101654053,cuda:1,2.979496479034424
1153.01,154840461,14139,1.5925612449645996,6.0360056758473215,5674811,6084226,8.705266271019254e-05,87.601065158844,cuda:1,89.25564312934875
116.01,238176110,3756,0.47980666160583496,2.7990211268479785,31912,38120,0.01249929444407829,0.7402434349060059,cuda:1,1.220712661743164
1161.01,158324245,10062,1.260244369506836,1.7635853169210818,4433151,6084225,0.019995745727449728,73.03588581085205,cuda:1,74.35804963111877
1174.01,154089169,13437,1.6533236503601074,8.953478239118366,2790733,2906535,5.6394551587106125e-05,40.652934074401855,cuda:1,42.33469319343567
1184.01,233087860,39370,4.695319175720215,5.748436773340513,5649152,6084206,0.00018290107918504116,178.85249495506287,cuda:1,183.6097059249878
1190.01,287196418,15800,2.0017685890197754,3.695016935242707,5350088,6084222,0.01451006497321729,93.22378468513489,cuda:1,95.29229998588562
1194.01,147950620,11087,1.483306646347046,2.3106304750956155,1801496,2260658,0.003735934553693858,28.541364908218384,cuda:1,30.043071031570435
1198.01,203189770,3666,0.49655747413635254,3.6121727489800612,30443,34635,0.008366224128056538,0.5156474113464355,cuda:1,1.0125198364257812
1199.01,99869022,6588,0.8381156921386719,3.6714654899985666,2015070,2293879,0.0010775302844326972,23.046940088272095,cuda:1,23.897008419036865
1201.01,29960110,2993,0.410663366317749,2.4909978730692233,26125,32014,0.00010902798573428602,0.6031327247619629,cuda:1,1.0141680240631104
1213.01,399144800,6384,0.8741629123687744,27.224523926569496,137976,138216,0.00019786409165174047,1.688370704650879,cuda:1,2.5634429454803467
1224.02,299798795,7440,0.8940961360931396,0.6123429568784143,1169479,6268190,0.007763089903972707,65.67477416992188,cuda:1,66.63768100738525
1226.01,177115354,18976,2.382100820541382,3.928861907735495,2601201,2930836,4.960020837544418e-05,50.4486780166626,cuda:1,52.851317167282104
123.01,290131778,3737,0.4204838275909424,3.3043062218607844,32657,37751,0.0013594554293535916,0.7013602256774902,cuda:1,1.1222002506256104
1231.01,447061717,6475,0.838787317276001,24.2485506943391,130391,130918,0.000535442015822326,1.5486900806427002,cuda:1,2.3882153034210205
1233.02,260647166,5365,0.6211507320404053,19.592663352687595,135938,137174,1.682197967542715e-05,1.547433853149414,cuda:1,2.169468402862549
1233.04,260647166,5537,0.6485421657562256,3.7966987215336117,121127,137174,3.3789677773594156e-06,1.734952449798584,cuda:1,2.3847806453704834
1238.02,153951307,12596,1.5272719860076904,0.7646200987548176,1022947,2906544,5.8665693569052364e-05,39.2140679359436,cuda:1,40.76299023628235
1240.01,158170594,7143,1.0306954383850098,1.7208999585133948,4389623,6084202,0.012315051163482502,62.680065631866455,cuda:1,63.773398637771606
1243.01,219698776,7141,0.9712667465209961,4.659516941351185,1535408,1691308,5.526242835652729e-05,17.60489249229431,cuda:1,18.591760635375977
1246.01,230127302,35521,4.345722436904907,18.66040467433375,6013295,6075876,0.00019848686962418356,164.1643669605255,cuda:1,168.57120609283447
1246.03,230127302,36170,4.327284097671509,5.904205499853179,5663353,6084208,0.00012969270452856875,166.79736280441284,cuda:1,171.19080471992493
1247.01,232540264,23921,2.7502152919769287,15.923912356588193,5993031,6084187,2.356790857208208e-05,122.35136675834656,cuda:1,125.16863751411438
1254.01,236714379,31083,3.8128912448883057,1.017999766213521,2273368,4393278,0.003098221464083487,107.07876396179199,cuda:1,110.92455744743347
1257.01,278348461,2704,0.34512972831726074,5.451486081847366,32730,35330,0.0017030008367134963,0.6790375709533691,cuda:1,1.0248711109161377
1260.01,355867695,7007,0.8676707744598389,3.127560676705675,1931455,2260677,8.949126245904746e-05,23.24306559562683,cuda:1,24.127729177474976
1265.01,424865156,6622,0.871192455291748,2.204549671819328,102421,130258,0.00725129980053125,1.5539333820343018,cuda:1,2.4262754917144775
1266.01,467179528,13077,1.6116743087768555,10.894869751801403,2820149,2906538,0.00032484674642984155,40.04900765419006,cuda:1,41.683600664138794
1269.01,198241702,40116,4.917543411254883,4.253162684943999,5459931,6084188,0.00015781436542578478,181.68338322639465,cuda:1,186.66369080543518
127.01,234523599,7480,1.1034660339355469,3.795424055876827,137186,155368,0.13625290143607827,1.9069671630859375,cuda:1,3.0127830505371094
1271.01,286923464,9646,1.077850103378296,6.134766643764483,2125436,2275470,0.0015595935055373118,26.843297481536865,cuda:1,27.93886423110962
1279.01,224297258,9589,1.1798617839813232,9.616338836475801,2193735,2275487,2.57442044968363e-05,26.78532576560974,cuda:1,27.981858491897583
1282.01,236445129,2626,0.37469029426574707,0.9681453846130511,12504,25261,0.016457320239251807,0.7759416103363037,cuda:1,1.1509451866149902
1288.01,365733349,14881,1.8609333038330078,2.6998488709453135,2989984,3608414,0.0012148105344779979,53.65058183670044,cuda:1,55.549063205718994
1291.01,198186769,28931,3.820929527282715,7.163818524945235,6656792,7036995,0.00013732163037173006,162.69519567489624,cuda:1,166.59216809272766
1292.01,199688472,39764,4.981140851974487,1.4412269782119405,4040768,6084190,0.08270383745065404,180.37501192092896,cuda:1,185.42063331604004
1294.01,219015370,16768,2.2399799823760986,3.915288757175614,3266266,3682043,0.001587522528168364,58.51373100280762,cuda:1,60.79115676879883
1295.01,219852584,13712,1.7886922359466553,3.196810400297956,467432,544862,0.014695197705401803,7.810986518859863,cuda:1,9.604830741882324
1298.01,237104103,13759,1.6991403102874756,4.5374773545373825,494644,546637,0.0028228546208768305,7.863074779510498,cuda:1,9.564666032791138
1300.01,293687315,2588,0.3190312385559082,2.8723549752278115,22847,27044,0.0037863939496890833,1.0646953582763672,cuda:1,1.3840444087982178
1306.01,233735068,41673,5.488193988800049,7.686965405752068,5784869,6084204,0.0027500815704028813,187.80330109596252,cuda:1,193.35877346992493
1333.01,395171208,3924,0.4880831241607666,4.721217282935924,34738,38120,0.0020331501723565883,0.8345472812652588,cuda:1,1.3233568668365479
1339.02,269701147,27697,3.121290445327759,28.581339652853373,4360650,4364323,5.701958758579022e-05,97.74396753311157,cuda:1,100.9110038280487
134.01,234994474,3753,0.44756054878234863,1.4014507907032763,24990,38118,1.6018608224767702e-05,0.7376413345336914,cuda:1,1.185908317565918
1340.01,233681149,36307,4.527796506881714,8.586656738674517,5827042,6084208,0.0005523543478403113,167.3123960494995,cuda:1,171.90525698661804
1346.02,219852882,40777,4.991929769515991,27.98786275477158,6076793,6084208,0.00046853657299473134,184.34915590286255,cuda:1,189.40628600120544
1347.01,229747848,37750,4.633186101913452,0.8474236297691055,2535494,6081415,0.00010766799754877516,172.7727291584015,cuda:1,177.47456288337708
1370.01,155114483,2664,0.34151673316955566,5.2651600123431574,24475,26432,0.0002133729851067934,0.8853979110717773,cuda:1,1.2280170917510986
138.01,277683130,3756,0.4574546813964844,6.1986483857535815,35716,38117,0.00019674881668483557,0.7403285503387451,cuda:1,1.1981441974639893
1386.01,343019899,7526,0.9354636669158936,25.823865810409288,158483,158920,9.029940706472741e-05,1.9591143131256104,cuda:1,2.8953874111175537
1388.01,346338552,3924,0.5524070262908936,4.464973911806251,34501,38119,0.0057139470644257525,0.8349637985229492,cuda:1,1.3877933025360107
1405.01,387834907,8546,0.9977266788482666,12.655710521055061,275549,282103,0.0005835935633336784,3.330315589904785,cuda:1,4.329500198364258
1407.01,69747919,3728,0.4349663257598877,9.974052845499124,35661,36823,1.0345697027683684e-06,0.6289379596710205,cuda:1,1.0642673969268799
1414.01,125442121,2781,0.3826911449432373,3.0190997431559263,21937,25689,0.008764719715021145,0.8628368377685547,cuda:1,1.245856523513794
1425.01,350132371,12653,1.63523530960083,1.0318280369267963,1529518,2918042,0.005472543354384047,39.46033978462219,cuda:1,41.11591696739197
1431.01,375506058,6519,0.7764225006103516,2.650360569665351,104336,126454,0.0025412844482291604,1.5172607898712158,cuda:1,2.2945520877838135
1433.01,13684720,5457,0.7535254955291748,12.43764475824024,124574,127630,0.06354972595740781,1.4598267078399658,cuda:1,2.2142481803894043
1438.01,229650439,39179,4.9406960010528564,5.139684132962942,5585427,6084224,5.552215062692967e-05,178.12918519973755,cuda:1,183.13817882537842
1439.01,232982558,41994,5.106589317321777,27.643274111102894,6075395,6084188,2.7227689326739978e-05,188.8627679347992,cuda:1,194.03636527061462
1443.01,237232044,32204,3.857023239135742,23.540601348140687,6055924,6084221,4.700555740311047e-05,152.03369808197021,cuda:1,155.95652294158936
1450.01,377293776,39113,4.705779790878296,2.0438866138290046,4673723,6084224,7.40746410510663e-05,177.88087034225464,cuda:1,182.65353512763977
1451.01,417931607,14409,1.6599504947662354,16.537600374361833,2866458,2906562,1.3126578472026012e-05,42.399049282073975,cuda:1,44.07498741149902
1453.01,198390247,38135,4.439654588699341,6.588646721967443,5717766,6084188,9.467290290437074e-05,174.17126488685608,cuda:1,178.67540192604065
1460.01,17005768,2577,0.325824499130249,6.840068826154449,24573,25906,0.0010748633812146867,0.8104703426361084,cuda:1,1.1369075775146484
1465.01,236887394,13719,1.8668904304504395,1.420024571584928,1938390,2941972,0.10085106157917972,41.704697132110596,cuda:1,43.595030307769775
1466.01,237086564,6605,0.8323137760162354,1.8718845173243002,1734919,2327778,6.970915150555065e-05,23.419283628463745,cuda:1,24.269241094589233
1468.01,243185500,2476,0.29428696632385254,15.54357450185764,25968,26222,6.852048922045836e-05,0.7967092990875244,cuda:1,1.0912449359893799
1469.02,283722336,6332,0.6308341026306152,6.765080915902206,2192185,2327686,1.3690274536290347e-06,23.01846432685852,cuda:1,23.666391134262085
147.01,220435095,3318,0.4257345199584961,3.4238455101434293,34514,39669,0.0012727516422320639,0.6140525341033936,cuda:1,1.040140151977539
1472.01,306955329,2401,0.3117551803588867,0.5699018180677107,2897,23048,0.0001414146999232384,0.5314340591430664,cuda:1,0.8434765338897705
1474.01,427654774,5457,0.7647011280059814,5.225491056611414,111279,121003,0.014271737442249507,1.414170265197754,cuda:1,2.1795549392700195
1476.01,432549364,2607,0.3446030616760254,1.217736442585057,15578,25826,0.0044082577328108516,0.8145532608032227,cuda:1,1.1594319343566895
1478.01,409794137,3381,0.42450904846191406,10.18968107684748,29694,30570,0.0018831699001575061,0.6749331951141357,cuda:1,1.099726915359497
1494.01,411608801,2605,0.33474016189575195,5.028814930388478,25666,27872,0.0009029280858811947,1.1052706241607666,cuda:1,1.4403047561645508
150.01,271893367,16023,1.991001844406128,5.857444798469736,869676,934995,0.0070182541891721135,14.566084384918213,cuda:1,16.561419248580933
1516.01,376637093,7482,0.9447681903839111,2.0556016009553724,121592,157997,0.036795707154273334,1.8779809474945068,cuda:1,2.8236498832702637
1533.02,345143460,3433,0.41820645332336426,8.066907091345815,38782,40589,2.503544811010989e-05,0.7393496036529541,cuda:1,1.1579716205596924
1554.01,299158887,3706,0.5329463481903076,9.439697314032056,34128,35331,0.00018139561615949424,0.5345907211303711,cuda:1,1.0678706169128418
157.01,140691463,12963,1.7197785377502441,2.084577737276023,722793,935017,0.02379696912454792,12.917921543121338,cuda:1,14.642082214355469
1573.01,302773669,9899,1.1377489566802979,21.21564890888807,2333792,2350287,0.000790403990839764,28.12536644935608,cuda:1,29.27816104888916
1580.01,354469661,3855,0.490048885345459,4.795193509362474,34400,37676,0.0027137703058764035,0.7583377361297607,cuda:1,1.2486860752105713
1599.01,129979528,2999,0.35364317893981934,1.2200126352490321,16730,27722,0.018413293202457524,0.5101385116577148,cuda:1,0.8641321659088135
1615.01,317507345,3059,0.37766289710998535,3.9399974099959953,24360,27280,0.003266372300248461,0.48743653297424316,cuda:1,0.8653895854949951
1627.01,424435940,6963,0.880387544631958,5.016834066579725,119389,130396,0.015250707328083533,1.59293794631958,cuda:1,2.474181890487671
163.01,179317684,16246,2.0436105728149414,4.231125090878486,839411,936035,0.012286309610180117,14.718590497970581,cuda:1,16.76639723777771
1632.01,51024887,2826,0.4445831775665283,8.247943769819502,24636,25624,0.07629114011598159,0.8727664947509766,cuda:1,1.3176648616790771
1637.01,286355915,2955,0.3720285892486572,4.076566209693664,24327,27109,0.0052554447979163655,1.10194993019104,cuda:1,1.47426176071167
1644.01,22843856,2974,0.4034101963043213,1.8493464895972,20456,27414,0.0013691227250988195,0.638690710067749,cuda:1,1.0424330234527588
165.01,350743714,32594,4.010191917419434,7.75764502304447,4109964,4319894,0.008347575534671045,109.08685040473938,cuda:1,113.12862825393677
1668.01,417705690,10590,1.3413784503936768,2.363494149265608,1471685,1835449,0.00015346477454588475,22.67274570465088,cuda:1,24.026098012924194
167.01,149990841,8607,1.1423931121826172,4.453223318341468,521191,577327,0.0013939668223152757,6.629103899002075,cuda:1,7.774220705032349
1670.02,441739020,36699,4.37567663192749,10.983641307908734,5002580,5153818,7.332042210777775e-06,143.04567694664001,cuda:1,147.45978093147278
1682.01,367366318,3396,0.3978691101074219,2.735414748069338,25368,30387,0.004801478621236743,0.6670567989349365,cuda:1,1.0654568672180176
1685.01,28900646,3426,0.42376708984375,0.6692641967453167,7942,30744,7.309960206319232e-05,0.7087366580963135,cuda:1,1.1328039169311523
169.01,183120439,3387,0.4293675422668457,2.256075495903162,31459,39669,0.0006346791930337697,0.6456344127655029,cuda:1,1.0754120349884033
1691.01,268334473,13921,1.621910572052002,16.736207591046377,2327284,2358972,6.982333788995964e-05,33.71042513847351,cuda:1,35.349493741989136
1696.01,470381900,3429,0.4839153289794922,2.5008744902198132,25124,30744,0.0016314326836260125,0.7098617553710938,cuda:1,1.194042444229126
1716.01,14336130,3565,0.44141197204589844,8.086305458973762,32478,33927,5.699480839794277e-06,0.7974507808685303,cuda:1,1.2391600608825684
1718.01,257241363,3345,0.39542579650878906,5.587596445134827,31520,33926,8.28622576522691e-05,0.9346179962158203,cuda:1,1.3303585052490234
1720.01,356473034,3342,0.43685007095336914,2.6163253074893764,28002,33926,0.00770439557105995,0.9340341091156006,cuda:1,1.3712284564971924
1722.01,85242435,3565,0.4428129196166992,9.605352551184929,32817,33928,4.974937556582558e-05,0.7967894077301025,cuda:1,1.2399885654449463
1726.01,130181866,3249,0.32988667488098145,14.17201952496675,33397,33927,1.5014987458406762e-05,0.8854818344116211,cuda:1,1.215761661529541
1728.01,285048486,3565,0.4635202884674072,3.492149031916452,29661,33926,0.0009412303071024578,0.7972321510314941,cuda:1,1.261078119277954
1730.02,318022259,3225,0.40584635734558105,2.155094991608323,26587,33927,1.568787758202266e-05,0.8732395172119141,cuda:1,1.2794275283813477
1731.01,371234684,3343,0.4473094940185547,3.9236148017040935,30206,33926,0.007804291235464355,0.934622049331665,cuda:1,1.3823063373565674
174.01,425997655,14516,1.522047996520996,17.665193564191384,4331623,4383502,1.3018476256001128e-05,64.14602088928223,cuda:1,65.69860029220581
174.03,425997655,14515,1.5730676651000977,12.16289500094057,4270548,4379404,2.5916916143196727e-06,64.0717306137085,cuda:1,65.69379806518555
174.05,425997655,14775,1.5955331325531006,0.5229153118101485,195168,4379404,2.659128827742466e-06,64.7727403640747,cuda:1,66.40008878707886
1742.01,219857012,39848,4.604204177856445,21.270450510310773,5117968,5153819,1.5703907987127002e-05,153.01456308364868,cuda:1,157.6734321117401
1749.01,233602827,36210,4.366671800613403,4.48905202748885,5498187,6084225,0.00040506505720154854,166.96927523612976,cuda:1,171.38118624687195
175.01,307210830,20891,2.328484535217285,3.690762560538173,3858754,4389040,0.00032664196773417103,80.37903094291687,cuda:1,82.75400257110596
1750.01,237099296,38921,4.951531887054443,11.33733513527419,5914435,6084187,0.00014570712328533777,177.14489006996155,cuda:1,182.14111256599426
1752.01,287139872,40966,5.423137426376343,0.9352101135801468,2879331,6084188,0.0006287458534633036,184.90477299690247,cuda:1,190.39273595809937
1756.01,364074068,12496,1.60817551612854,29.496246878558292,2327121,2327796,0.00020167783854463422,31.262819528579712,cuda:1,32.88810658454895
1758.01,367858035,13625,1.6944551467895508,20.706057008073557,2332431,2350312,7.489672073178916e-05,33.18451189994812,cuda:1,34.897541999816895
1759.01,408636441,9665,1.2025465965270996,18.85000280324023,2888776,2918032,0.0001380794700084994,34.438554525375366,cuda:1,35.66025924682617
1766.01,67666096,3516,0.44358372688293457,2.7037148540660363,30463,36656,0.005029360086694691,0.5459342002868652,cuda:1,0.9905929565429688
1771.01,252479260,3794,0.5007510185241699,3.2126737466225275,31558,36656,0.008084289837984237,0.6492366790771484,cuda:1,1.1504971981048584
1773.01,332064670,3519,0.4458458423614502,0.7364253525532576,11998,36653,1.7600711166837768e-05,0.5462181568145752,cuda:1,0.9924929141998291
1775.01,9348006,3515,0.4716148376464844,10.245757675674518,35551,36656,0.001309585614723863,0.5461921691894531,cuda:1,1.0181450843811035
1777.01,29191624,3794,0.4905722141265869,0.6361715755163242,8000,36656,3.887427326601028e-06,0.6488046646118164,cuda:1,1.139742136001587
178.04,251848941,3461,0.4015648365020752,1.9145766687143342,27739,36824,1.0057700166193296e-05,0.5496847629547119,cuda:1,0.9516112804412842
1780.01,99834717,3516,0.47599244117736816,1.706577912819058,26329,36522,0.006298634007574859,0.542715311050415,cuda:1,1.0190916061401367
1782.02,160045097,13664,1.6579699516296387,1.8289837703107237,2147744,2906522,8.955018626421484e-05,41.035818338394165,cuda:1,42.71319055557251
179.01,207141131,6340,0.7150428295135498,4.137642513458902,119332,133473,4.086571387322885e-05,1.5806725025177002,cuda:1,2.2966506481170654
1794.01,286916251,12326,1.4602811336517334,8.765725910008536,2795773,2915478,2.0680167842662002e-05,38.9777512550354,cuda:1,40.45661926269531
1797.01,368435330,2823,0.2968313694000244,3.6426416456619974,30040,34126,1.8386588490498177e-05,0.6630890369415283,cuda:1,0.9602792263031006
1798.01,198153540,7496,0.7163021564483643,8.021424023099867,2190868,2297569,3.052962352349107e-05,24.31543231010437,cuda:1,25.050032377243042
1799.01,8967242,3215,0.39795684814453125,7.095444629046378,32262,34015,1.6678457545031743e-06,0.8756189346313477,cuda:1,1.2739319801330566
180.01,51912829,7481,0.9675922393798828,0.83543226345202,63439,155370,0.0011616707850744693,1.9051790237426758,cuda:1,2.8736824989318848
1801.01,119584412,3249,0.3922913074493408,10.643744725994285,33639,34599,2.1133600167139527e-05,0.9449176788330078,cuda:1,1.3375630378723145
1803.02,144401492,3362,0.460369348526001,6.294941030029301,31919,33981,5.874150120013588e-05,0.9499857425689697,cuda:1,1.4107606410980225
1809.01,347329162,3226,0.44789934158325195,4.6172435312568565,31126,34212,0.005328040574763617,0.8980162143707275,cuda:1,1.346325159072876
1810.01,373693175,3348,0.46532678604125977,1.3273775189319492,21269,33436,0.02502174897906398,0.8948109149932861,cuda:1,1.3604943752288818
1821.01,82308728,3216,0.3719630241394043,9.48674410822526,32879,34016,8.20123576061721e-06,0.8761329650878906,cuda:1,1.2484302520751953
1824.01,142387023,7363,0.8723647594451904,22.809660827994975,153661,154487,2.1405506375942994e-05,1.823690414428711,cuda:1,2.6968190670013428
1826.01,229400092,13680,1.793891191482544,4.142148628814192,485010,542401,0.010231741835075341,7.796124696731567,cuda:1,9.592406749725342
1836.01,207468071,5946,0.6587214469909668,20.38765705637469,135385,136477,0.0001240950422518008,1.5625677108764648,cuda:1,2.222097873687744
1838.01,162689341,10360,1.4109807014465332,2.174698940079339,245393,313348,0.024911277401187402,3.983370304107666,cuda:1,5.395894289016724
1839.01,381714186,2774,0.3296496868133545,1.4239250154157144,19772,29823,1.8810891973076178e-05,0.5792253017425537,cuda:1,0.9091603755950928
184.01,300871545,41144,5.029178142547607,4.817092147857432,5712764,6268170,0.1411164413724409,191.2295298576355,cuda:1,196.3259892463684
1841.01,168699373,3202,0.447979211807251,4.301619852963372,28672,31774,0.016474932994952615,0.6847653388977051,cuda:1,1.133842945098877
1844.01,198108326,2633,0.366992712020874,3.2125705801484177,23645,27382,0.0143973262496988,0.955146074295044,cuda:1,1.3225030899047852
1860.01,202426247,19759,2.1664540767669678,4.415197889078519,3268694,3624696,0.0004055738998479661,64.1990315914154,cuda:1,66.38830590248108
1862.01,321668398,9887,1.2854249477386475,5.644225053349208,286814,309447,0.0012176973298336131,3.845850706100464,cuda:1,5.134408950805664
1873.03,328933398,7128,0.8870818614959717,7.0054105209217505,141842,150199,1.6201876029047236e-05,1.8161039352416992,cuda:1,2.70403790473938
1899.01,172370679,5294,0.7068014144897461,28.68052505334549,127820,127921,0.01022964435035887,1.6321802139282227,cuda:1,2.339742660522461
190.01,166739520,6383,0.779489278793335,10.02022483204907,128962,133474,0.00342254824886622,1.5471444129943848,cuda:1,2.327732801437378
1900.01,178879588,6821,0.9431066513061523,3.0566401837908095,129139,151822,0.01026229973634202,1.8523228168487549,cuda:1,2.7971534729003906
1901.01,19684256,2743,0.4076251983642578,1.3667260805811474,18493,28527,0.02891934860049149,1.2353646755218506,cuda:1,1.6432921886444092
1904.01,272213425,3149,0.43892431259155273,4.324670207129608,26078,28849,0.001846935559571267,0.47370052337646484,cuda:1,0.9129636287689209
191.01,183532609,3727,0.46935319900512695,8.156109893034246,35243,36825,0.005374259795097527,0.6288635730743408,cuda:1,1.0985558032989502
1911.01,44745133,3261,0.49456334114074707,0.5387221247436538,2323,31651,0.00032916693423148133,0.7042117118835449,cuda:1,1.1991231441497803
1914.01,53750200,6840,0.9502663612365723,4.193824693785721,120581,134622,0.0010589025676013112,1.697678565979004,cuda:1,2.648724317550659
1916.01,98545929,6860,0.9524133205413818,1.8879394925761026,100645,134621,0.003950238957209419,1.6459221839904785,cuda:1,2.599097967147827
1919.01,102192004,3115,0.458449125289917,4.232863920831948,25926,28762,0.0005782919032766085,0.462024450302124,cuda:1,0.9207730293273926
1920.01,363851359,3170,0.49062061309814453,19.06588150362791,28929,29068,0.003112638167567833,0.4902315139770508,cuda:1,0.9812216758728027
1922.01,112604564,3368,0.5037021636962891,4.577348669858144,27711,30454,0.0034508497230872344,0.6617300510406494,cuda:1,1.1658008098602295
1924.01,371443216,6901,0.8265299797058105,2.8241050070633764,255085,304798,0.010514289318643679,3.336345911026001,cuda:1,4.164384603500366
1925.01,118956453,2737,0.39333176612854004,2.3445158178535954,22906,28481,0.00820970997458597,1.0899786949157715,cuda:1,1.483637809753418
1926.01,143143769,7029,0.9609091281890869,1.3372938307455458,89069,139888,0.00023085659340237323,1.6688106060028076,cuda:1,2.6306707859039307
1927.01,14344979,9140,1.3075652122497559,4.111830871834119,4577352,5124164,0.020492412005596438,58.72000598907471,cuda:1,60.08013105392456
1929.01,157266693,6271,0.8949053287506104,3.8538505681928426,110792,125188,0.024345593360685022,1.503274917602539,cuda:1,2.399200677871704
193.01,183985250,3727,0.515042781829834,0.7917290092108253,13834,36824,0.0001041194374612004,0.6287474632263184,cuda:1,1.1441192626953125
1932.01,386259537,3381,0.47250890731811523,5.608806811130854,28430,30556,0.0014161840475313133,0.6734001636505127,cuda:1,1.146332025527954
1934.01,125739286,3642,0.4750990867614746,4.511022944858855,30653,33784,0.004659571403467187,0.5897624492645264,cuda:1,1.0652520656585693
1937.01,268301217,9237,1.2572054862976074,0.9466823477888399,139679,291098,0.03223232960939068,3.529747247695923,cuda:1,4.7884156703948975
194.01,211438925,3727,0.46331310272216797,4.89884541056798,33712,36824,0.003974066810262717,0.6282105445861816,cuda:1,1.0918755531311035
197.01,441462736,3727,0.42884111404418945,14.27729159823417,36228,36823,9.42849619999599e-06,0.6283094882965088,cuda:1,1.0575039386749268
1994.01,445903569,3188,0.4250450134277344,4.0338194635805165,25576,28560,0.0003902585429446249,0.4694998264312744,cuda:1,0.8948416709899902
2000.01,371188886,9530,1.1147935390472412,9.125098087846489,292504,304304,0.0009421710432892176,3.722747564315796,cuda:1,4.83895468711853
2005.01,147660886,3120,0.40164756774902344,0.5004541521364698,26,28022,9.67860172138959e-06,0.44112062454223633,cuda:1,0.8431270122528076
2011.02,136916387,2931,0.3000450134277344,9.51396537243077,28286,29213,2.0280626782654564e-06,0.4703812599182129,cuda:1,0.770737886428833
2013.01,188589164,6479,0.7757904529571533,2.6165081073889684,115790,140759,5.287286472576533e-05,1.705411434173584,cuda:1,2.4819560050964355
2014.01,198588220,7127,0.967714786529541,4.810145881545439,281978,309445,0.00790707067267816,3.440410614013672,cuda:1,4.41041374206543
2019.01,159781361,6892,0.8303477764129639,15.346576362678043,135330,137557,1.4905310913711904e-05,1.668811321258545,cuda:1,2.499955415725708
2021.01,236312126,3183,0.4206230640411377,3.941595579848172,30611,34362,0.014954703748880166,0.8878788948059082,cuda:1,1.3088669776916504
2024.01,255930614,6693,0.7676453590393066,2.8759931946571022,118257,140758,0.0008911921747069822,1.6566047668457031,cuda:1,2.425011396408081
2031.01,470127886,16262,2.1176624298095703,5.715455314190164,2715141,2925849,0.02558133547925112,45.75143551826477,cuda:1,47.890393018722534
2046.01,468574941,7083,0.9061284065246582,1.497691391832218,98400,145253,0.04018541702520255,1.751643419265747,cuda:1,2.6585514545440674
205.01,281575427,7480,0.8532536029815674,4.253484123816278,139428,155369,6.191634405477203e-06,1.9082727432250977,cuda:1,2.7623450756073
2071.01,198360694,39101,4.829478025436401,5.673862762645136,5642063,6084189,9.856199737965709e-05,177.9044692516327,cuda:1,182.80186533927917
2076.01,27491137,5800,0.6804523468017578,20.214099487650866,2279784,2298646,3.595123977084116e-05,22.052769422531128,cuda:1,22.747377157211304
2081.01,321669174,22284,2.8242783546447754,10.50538029840643,5892825,6084187,0.00010171083752199421,116.34621787071228,cuda:1,119.23582911491394
2095.01,235678745,38330,4.687496900558472,17.66290157556027,6012194,6084223,5.080188771548561e-05,174.97728371620178,cuda:1,179.73100328445435
2096.01,142748283,10876,1.492260456085205,0.5033723364305522,15402,2260667,0.0007212603266770401,28.281256675720215,cuda:1,29.785738229751587
2107.01,446549906,2862,0.4033989906311035,12.869169760063263,28192,28695,0.0167677776945498,0.6045506000518799,cuda:1,1.008284330368042
2114.01,9828416,4701,0.5786192417144775,6.210053434387638,116501,124592,0.0003631246161764635,1.4915220737457275,cuda:1,2.071185350418091
2120.01,389900760,9808,1.3752405643463135,5.800016740960677,2184085,2350296,0.0012558932174298613,27.951945543289185,cuda:1,29.339709520339966
2124.01,159742538,6963,0.9430499076843262,3.553608771119828,113946,130395,0.007777407239488911,1.5961096286773682,cuda:1,2.5399832725524902
2127.01,21744120,5820,0.7582390308380127,5.507149126016957,120512,130338,0.01836680569422856,1.6606109142303467,cuda:1,2.419611930847168
2129.01,101721385,6962,0.8664121627807617,4.62797491805224,118278,130395,0.0012342866817073139,1.5910756587982178,cuda:1,2.458324909210205
2130.01,320798691,3446,0.4575068950653076,5.0057747454750405,27817,30251,0.003065884741960161,0.6760218143463135,cuda:1,1.1338615417480469
2132.01,358516596,3446,0.4443073272705078,3.243639730526794,26141,30252,0.00847241527889856,0.6783919334411621,cuda:1,1.1229817867279053
2135.01,76419763,3446,0.4601411819458008,2.788644962907135,25363,30251,0.009792169608187087,0.6774346828460693,cuda:1,1.1378893852233887
2139.01,308172249,3446,0.5238537788391113,1.4014473168937531,19879,30252,0.021295814005442077,0.6782069206237793,cuda:1,1.2023742198944092
2141.01,287256467,6959,0.8279495239257812,18.261520494007897,128953,130374,1.830994086382102e-05,1.589815378189087,cuda:1,2.41851806640625
2145.01,88992642,3447,0.4579896926879883,10.258694664849209,29397,30250,7.903704921959824e-05,0.6781113147735596,cuda:1,1.1364336013793945
2147.01,341630071,10783,1.4075920581817627,26.202912378582948,7019717,7037002,0.0005644444647230856,87.35536432266235,cuda:1,88.83871006965637
2169.01,8516795,7022,0.8979771137237549,8.214874321330775,6720732,7037031,0.0004366997604024552,71.88047075271606,cuda:1,72.85550713539124
2175.01,405717754,10093,1.4090886116027832,4.43798024364303,6350026,7037010,0.027916445319613587,84.61331033706665,cuda:1,86.10264182090759
2177.01,123233041,10843,1.497875452041626,3.5224555471015906,6140492,7037033,0.00918832679110549,87.60173296928406,cuda:1,89.17443704605103
2179.01,237913194,6131,0.8485822677612305,15.169268545244092,125754,127874,0.0006922374855838786,1.519341230392456,cuda:1,2.3689866065979004
2184.01,176956893,34436,4.45009446144104,6.906541950436944,5793646,6141717,0.0008668668662072949,161.84466671943665,cuda:1,166.36433243751526
219.01,260609205,40719,5.470770835876465,4.461792169251817,5660115,6268213,0.19328908238770603,189.6263256072998,cuda:1,195.16437149047852
2194.01,271478281,3362,0.39737772941589355,15.342973447717862,28702,29029,8.433278561574517e-06,0.5568141937255859,cuda:1,0.9548294544219971
2197.01,389352124,3362,0.420285701751709,4.954726513202865,26674,29028,0.001472814262644435,0.556448221206665,cuda:1,0.9770092964172363
2199.01,369455629,3362,0.49024534225463867,3.375290885741856,25273,29028,0.000581747126777507,0.5565731525421143,cuda:1,1.0471305847167969
2206.01,381856447,3305,0.4530797004699707,1.7687687561990333,20594,28080,0.0013373281387293004,0.4775810241699219,cuda:1,0.9309751987457275
2211.01,212253390,3362,0.49189186096191406,3.0910682582694657,24869,29028,3.3048482172385744e-06,0.5573160648345947,cuda:1,1.0495033264160156
2227.01,405425498,3717,0.486342191696167,4.222046064111832,34249,38117,1.0610815883498937e-05,0.7182919979095459,cuda:1,1.205007791519165
2251.01,229715760,10640,1.4563870429992676,11.575090298395747,301091,309440,0.010248714454992614,3.96421217918396,cuda:1,5.422060966491699
2267.03,459837008,12884,1.5812973976135254,0.6960399286596571,675662,2358957,0.052705599751680654,32.24480843544006,cuda:1,33.83862280845642
2285.01,329148988,9613,1.2545254230499268,13.634994020487893,2858670,2918032,3.935862783394875e-05,34.34501028060913,cuda:1,35.621352434158325
229.01,120610833,3727,0.475691556930542,3.125394228408871,31537,36823,0.0023915795808760036,0.6292314529418945,cuda:1,1.1052894592285156
2319.02,349488688,3512,0.41155290603637695,19.27502556573127,32083,32263,2.011319038300962e-05,0.8719873428344727,cuda:1,1.2838938236236572
2322.01,300812741,38044,4.480066299438477,0.5021932894313128,27278,6141696,3.185378930401246e-05,175.49942564964294,cuda:1,180.04381322860718
2328.01,394287035,10139,1.3236052989959717,17.102123251376458,6063229,6141737,0.002600717097669217,74.08559274673462,cuda:1,75.47524833679199
2337.01,230001847,24758,3.3633100986480713,2.9942078621434467,5172903,6106389,0.0007334288423775841,125.85547661781311,cuda:1,129.28137350082397
2338.01,24358417,3519,0.4799838066101074,16.487887165056073,32444,32779,0.0007866202781134418,0.9195501804351807,cuda:1,1.4001734256744385
2345.01,91555165,6407,0.7985134124755859,1.052597899143017,76698,143662,2.2544466456500487e-05,1.7868573665618896,cuda:1,2.58620285987854
237.01,305048087,3727,0.541954517364502,5.431292871532971,34088,36824,0.00038993906997456776,0.6292359828948975,cuda:1,1.171555519104004
2374.01,439366538,2785,0.38760948181152344,4.31384527174683,23188,25626,0.001477896179524045,0.8592591285705566,cuda:1,1.2471988201141357
2382.01,2760219,2953,0.3944246768951416,4.662056893183543,26265,28783,0.0003266762197422789,0.47243618965148926,cuda:1,0.8671629428863525
2384.01,382602147,6101,0.842787504196167,2.135702506113119,99387,127606,0.05810094914544573,1.487107515335083,cuda:1,2.33062481880188
2414.01,237320326,2392,0.33823561668395996,1.7780369362619053,16852,22876,0.004992096845157957,0.5168824195861816,cuda:1,0.8553981781005859
2427.01,142937186,3335,0.4293818473815918,1.306001147034521,19946,31651,1.0249055387881117e-05,0.7379209995269775,cuda:1,1.1676089763641357
244.01,118327550,3727,0.44716906547546387,7.394667420529955,35005,36823,8.517961767631252e-06,0.6285390853881836,cuda:1,1.076042890548706
2458.01,449197831,3430,0.41033220291137695,12.935385179965287,32095,32706,4.33786192696798e-06,0.8687846660614014,cuda:1,1.2794888019561768
2461.01,411839167,9971,1.2944986820220947,6.180242454143806,5636153,6030069,0.002301838777084826,72.07926321029663,cuda:1,73.43730068206787
2466.01,293612446,6714,0.8926331996917725,2.6266948388140063,4256007,5169013,0.012528647418825213,52.02495265007019,cuda:1,52.9748809337616
2497.01,97568467,3492,0.4282839298248291,10.655036658828848,31802,32689,9.678232265757722e-05,0.899832010269165,cuda:1,1.3287127017974854
250.01,184240683,3727,0.4910092353820801,1.6285040101039916,26017,36824,0.01367898046148406,0.6291022300720215,cuda:1,1.1204278469085693
251.01,224225541,3728,0.4155306816101074,14.550620471709346,36251,36821,0.0001468734508711122,0.6286365985870361,cuda:1,1.0444557666778564
2524.01,169249234,6439,0.8822336196899414,7.185694822301607,125625,132771,0.007143208609600835,1.545914888381958,cuda:1,2.429270029067993
2547.01,444013020,13034,1.6685757637023926,2.311407565480882,4790279,6010658,0.04492575390630193,82.50193333625793,cuda:1,84.23405241966248
2548.01,350293646,3155,0.35411787033081055,8.521254775868067,29350,30523,0.004763281922992684,0.5752444267272949,cuda:1,0.9299576282501221
255.01,204317710,3727,0.5006394386291504,2.8127257596510846,30870,36824,0.00901303186403222,0.62864089012146,cuda:1,1.129643201828003
256.02,92226327,2549,0.31110382080078125,3.779095859592613,17829,20015,0.00012298912160377888,0.39113879203796387,cuda:1,0.7024626731872559
257.01,200723869,5768,0.6332769393920898,18.379292346240604,124728,126080,2.215952578802634e-05,1.4734141826629639,cuda:1,2.1074297428131104
2579.01,103751498,11086,1.4431965351104736,3.714655883038038,2024203,2300060,0.02318874907792489,29.03295660018921,cuda:1,30.49168109893799
2580.01,102713734,3260,0.4346919059753418,3.3969553411507505,26514,30435,0.005157598491676488,0.6130268573760986,cuda:1,1.048051357269287
2604.01,189625051,2742,0.3775784969329834,4.910094950669185,26183,28517,0.0010356027937714317,1.094576358795166,cuda:1,1.4724547863006592
262.01,70513361,2634,0.3118429183959961,5.573192498571377,18710,20021,2.0649990689481887e-06,0.41100096702575684,cuda:1,0.723153829574585
2641.01,162802770,6112,0.7934575080871582,4.8808186839068,114255,125175,0.000190825166224416,1.5038084983825684,cuda:1,2.2980270385742188
2643.01,152852327,6237,0.8185999393463135,9.172037348652593,4159467,4325967,3.619237190110734e-05,42.38209581375122,cuda:1,43.23329973220825
265.01,159951311,5627,0.7597677707672119,5.923336495041593,116839,125485,0.006088398441670429,1.5029244422912598,cuda:1,2.2637109756469727
266.01,164767175,2546,0.33065056800842285,10.738758540423282,19589,20013,5.667470216335182e-06,0.39063453674316406,cuda:1,0.7216074466705322
2669.01,348835438,3137,0.402087926864624,6.202109679157477,26631,28334,6.672611989048094e-05,0.44922614097595215,cuda:1,0.8515806198120117
270.01,259377017,8612,1.0551536083221436,5.660287844043355,275436,297090,0.0005929968226874234,3.5435965061187744,cuda:1,4.600229978561401
272.01,268766053,2610,0.34686970710754395,3.3097126158362205,17442,20013,0.009185608798935223,0.40479254722595215,cuda:1,0.7519631385803223
276.01,382188882,23779,2.950451135635376,4.800121990329982,3935514,4319901,0.0025331979679814928,86.54930973052979,cuda:1,89.53029322624207
2818.01,151483286,3149,0.39675045013427734,4.039206528172119,25200,28130,0.007641727675025413,0.4451313018798828,cuda:1,0.8424441814422607
282.04,29781292,39900,4.608687877655029,22.893138228724165,6235228,6268210,4.095363736524097e-06,186.36408972740173,cuda:1,191.04260635375977
286.01,150030205,36868,4.26911997795105,4.5117627569868946,5668026,6268212,1.959144161026281e-05,174.4522669315338,cuda:1,178.78921723365784
294.01,188570092,1934,0.277024507522583,14.6511146147343,25207,25497,0.001995940933615098,0.5083584785461426,cuda:1,0.7861111164093018
2981.01,287145649,3426,0.4642207622528076,3.601220285078225,25652,29146,0.00776482861034776,0.5879814624786377,cuda:1,1.052553415298462
2992.01,49045066,3669,0.4815669059753418,3.0066198027928226,29333,34487,0.0028534514510451144,0.516594648361206,cuda:1,0.9985277652740479
303.01,145750719,4892,0.646479606628418,3.560843039614331,6277614,7181368,0.0022369864899656803,64.5973219871521,cuda:1,65.32134294509888
3071.01,452006073,3786,0.5118277072906494,1.2671245559503568,21923,35505,0.0010550531414481538,0.5683903694152832,cuda:1,1.0810468196868896
3135.01,448098793,3745,0.4725682735443115,3.706439024971151,33058,37486,0.006588677642384167,0.6859726905822754,cuda:1,1.1588513851165771
3218.01,305739565,3464,0.49097728729248047,3.367104162251728,25917,29788,0.003120664871909926,0.6502189636230469,cuda:1,1.1414573192596436
3278.01,304130406,2815,0.3896772861480713,3.2469196769704154,24551,28387,0.002058146334000832,1.2388858795166016,cuda:1,1.6288416385650635
332.01,139285832,2906,0.3745853900909424,0.7771099238718979,9667,26498,0.00013972300014360978,0.9706578254699707,cuda:1,1.3455283641815186
333.01,224245334,2989,0.394916296005249,3.772059388679756,25698,28985,5.7478396882277186e-05,0.4590938091278076,cuda:1,0.8542995452880859
334.01,233964642,9491,1.1415975093841553,17.916467414067913,311986,315595,0.0006021304296067584,3.8703455924987793,cuda:1,5.01339864730835
3362.01,464300749,7511,0.9358797073364258,18.089443558923115,139985,141566,0.0003676108670030654,1.7102034091949463,cuda:1,2.6468265056610107
3364.01,280655495,7117,0.8858737945556641,5.876348004486228,122478,131638,0.003415423732439815,1.565708875656128,cuda:1,2.452383279800415
338.01,116156517,2988,0.39164090156555176,5.364095310963226,26846,28966,0.0016198888376333818,0.4595198631286621,cuda:1,0.8514964580535889
3474.01,274367763,3599,0.5119514465332031,3.8821344723569218,28570,32121,0.005124821677754557,0.897404670715332,cuda:1,1.4096262454986572
3487.01,301160638,2814,0.36621880531311035,16.006907812777175,27656,27920,0.0011512278960364138,1.0674309730529785,cuda:1,1.434004783630371
3493.01,203377303,3124,0.4127380847930908,8.15519298143481,27696,28867,8.451243817618687e-06,0.4687187671661377,cuda:1,0.8818073272705078
351.01,228381868,2941,0.3934624195098877,3.4643228387947707,25082,28676,0.0014076642966703496,0.4853084087371826,cuda:1,0.8790709972381592
3534.01,27916356,7256,0.9798524379730225,3.2347858277735373,5980414,6955915,0.009799747263727792,72.18372631072998,cuda:1,73.23636436462402
3593.01,162289289,3925,0.5284099578857422,3.819396516242302,33766,38120,0.006466118457525363,0.8345675468444824,cuda:1,1.3636093139648438
3612.01,233948455,3666,0.503324031829834,1.4823061179175283,23416,34636,0.02310847015270842,0.5151791572570801,cuda:1,1.0188329219818115
3636.01,61205803,3602,0.4741182327270508,4.218634388754458,36445,40590,0.01313310654456641,0.8511533737182617,cuda:1,1.325601577758789
3664.01,348437470,3903,0.576716423034668,3.2984364276416374,32582,37675,0.0075252626006806125,0.7835235595703125,cuda:1,1.3606503009796143
3681.01,285272237,3414,0.4760401248931885,4.639329394440365,30933,33978,0.003536083359037711,0.9766082763671875,cuda:1,1.4529998302459717
3682.01,28961316,8874,1.1615636348724365,3.3463359115624987,250518,289617,0.0033051143099164727,3.461761474609375,cuda:1,4.624698638916016
3693.01,240823272,3502,0.5062947273254395,18.175172956051323,33963,34229,0.008475401853770648,1.0403666496276855,cuda:1,1.5470478534698486
3714.01,155867025,3241,0.5128481388092041,2.1547787010710038,23800,30337,0.06975321032589074,0.5983827114105225,cuda:1,1.1116364002227783
3785.01,458419328,3296,0.47388267517089844,4.67485018391544,31188,34229,0.0014157203576453223,0.9375748634338379,cuda:1,1.4118540287017822
3819.01,95660472,12866,1.6903562545776367,3.2443842843426185,480033,558033,0.004120333773952107,7.718123197555542,cuda:1,9.411006927490234
3894.01,165464482,2764,0.37079882621765137,4.335664161110284,25274,27941,0.0027418638295122763,1.0513317584991455,cuda:1,1.422461748123169
390.01,250386181,3013,0.4250366687774658,1.470256781603471,21668,32161,0.00013248293067837926,0.6219360828399658,cuda:1,1.047330617904663
3912.01,156648452,2132,0.2832651138305664,3.493031232739141,29486,33722,0.0023476414142682947,1.4639756679534912,cuda:1,1.7475976943969727
3919.01,23769326,4577,0.5951108932495117,7.433737817178599,121465,128055,0.0008898860896733544,1.526411533355713,cuda:1,2.122323989868164
396.01,178155732,2807,0.2881596088409424,5.971142121941669,29937,32001,1.954449815963734e-06,0.5256330966949463,cuda:1,0.8141241073608398
396.03,178155732,2705,0.2630956172943115,0.7924583616090161,12058,32001,4.535233173381129e-07,0.5141117572784424,cuda:1,0.7776412963867188
3980.01,312548829,3698,0.4815642833709717,3.6066415448591473,31707,36097,0.00046763034665166627,0.5696980953216553,cuda:1,1.0515868663787842
4010.01,352682207,6135,0.706249475479126,5.414692901887698,1662823,1801459,0.0008438164173666549,17.720564126968384,cuda:1,18.436379432678223
4010.03,352682207,6555,0.7984545230865479,1.3483463216300047,1152644,1801459,0.00017996366933918878,18.14930748939514,cuda:1,18.96060347557068
4029.01,393633044,1513,0.21064972877502441,5.886414207475144,16096,17098,8.486479406016925e-05,0.9781265258789062,cuda:1,1.1891484260559082
404.01,166833457,2954,0.432647705078125,2.9622935307464355,26903,31697,0.016929666966690935,0.5642237663269043,cuda:1,0.9972922801971436
406.01,153065527,5534,0.6949307918548584,13.174456073199725,122835,125554,9.230236508561727e-05,1.4403257369995117,cuda:1,2.1359572410583496
4087.01,310002617,17882,2.4329822063446045,3.177478371674914,6030179,7037002,0.0391483685219375,116.68831968307495,cuda:1,119.19812226295471
411.01,100990000,5417,0.5660111904144287,9.57246461012539,121519,126080,3.184549249437658e-06,1.5402395725250244,cuda:1,2.107353687286377
413.01,170634116,6431,0.8199582099914551,3.662463600340394,120325,137027,0.013906246839033902,1.7018721103668213,cuda:1,2.5225725173950195
4137.01,417646390,10063,1.2703332901000977,3.8015778072340067,2064691,2337752,0.0075157848902054495,28.15569019317627,cuda:1,29.43895721435547
4138.01,257060897,20193,2.566521406173706,3.660034649040935,6178643,7036996,0.01860626455412194,126.40014219284058,cuda:1,129.0402021408081
4155.01,467331291,13763,1.7410166263580322,3.3207307047733043,2019316,2337638,0.0001411964874322301,33.23285913467407,cuda:1,34.98724603652954
4156.02,462553953,6896,0.8035788536071777,0.5059557856737399,1798,150199,1.461323368382914e-05,1.8420782089233398,cuda:1,2.6464505195617676
418.01,178284730,6431,0.7845938205718994,2.2360598188559404,108052,136853,0.013985992895263049,1.7306275367736816,cuda:1,2.515962839126587
4184.01,394357918,3756,0.5152130126953125,4.902885962935829,34888,38117,0.0018909379651727435,0.7393612861633301,cuda:1,1.2550151348114014
421.01,94986319,6279,0.7646632194519043,16.06803540940786,131259,133218,0.00018035279207151406,1.667283296585083,cuda:1,2.4327266216278076
425.01,169532369,3458,0.451735258102417,3.604287473364331,28093,31947,0.0022414133156847516,0.8189616203308105,cuda:1,1.2710697650909424
427.01,70914192,3437,0.45710158348083496,0.6095465372010549,5808,31649,0.0020658019352399145,0.7869045734405518,cuda:1,1.2442982196807861
4304.01,366443426,3254,0.4101409912109375,2.9981784698140626,24906,29248,1.0426939518052987e-06,0.5292632579803467,cuda:1,0.9396610260009766
431.01,31374837,5191,0.49055004119873047,12.458247744842474,129632,132802,3.822866498615631e-05,1.5082664489746094,cuda:1,1.9995341300964355
4311.01,122617317,4981,0.5622866153717041,8.710933431571192,120160,125353,8.18598750861507e-06,1.4822890758514404,cuda:1,2.0453567504882812
4316.01,7020254,3282,0.48906564712524414,20.28489688096535,29154,29248,0.003559685807675162,0.5407805442810059,cuda:1,1.0301563739776611
4320.01,404518509,5711,0.6435885429382324,25.09015640809766,125660,126079,5.9374306523643045e-06,1.639634370803833,cuda:1,2.283928632736206
433.01,188989177,3494,0.45320630073547363,1.1740147271667067,18992,32405,0.0007350631706219828,0.8756680488586426,cuda:1,1.329223394393921
4342.01,354944123,3802,0.475644588470459,5.538873075071321,36767,39668,4.821079589429679e-05,0.8977713584899902,cuda:1,1.3737516403198242
4363.01,325682877,2998,0.3949275016784668,0.5255851186184468,1593,32052,2.4550255327329277e-05,0.6080782413482666,cuda:1,1.003324031829834
437.01,32499655,6420,0.8898820877075195,2.7440074024028256,110320,132654,0.006957799094751638,1.5433597564697266,cuda:1,2.43391752243042
4379.01,97766057,3670,0.4718928337097168,3.2531265518832755,31694,36731,0.0024765420921500345,0.5961997509002686,cuda:1,1.0684971809387207
4399.01,464646604,3352,0.41749119758605957,1.1493047013729658,16686,28897,0.00048218361896958654,0.5423097610473633,cuda:1,0.9600868225097656
4405.01,177254988,34662,4.24206018447876,5.921308239405587,5718411,6141717,0.0002744182053069964,162.8749644756317,cuda:1,167.16152000427246
4411.01,366484980,3282,0.43746209144592285,12.363608323968641,28682,29248,1.2915246762773525e-06,0.5409402847290039,cuda:1,0.9790382385253906
4426.01,271354351,7598,1.1414332389831543,3.9054261831055417,136345,153759,0.041973083238333965,1.8450477123260498,cuda:1,2.987233877182007
4427.01,207339000,10175,1.3681776523590088,4.618222905938614,6381482,7036998,0.026211869228579744,84.94726085662842,cuda:1,86.39065408706665
4428.01,271042217,3928,0.5893526077270508,1.856199538040223,29041,39007,0.008853516970560932,0.9154000282287598,cuda:1,1.5055019855499268
4434.01,63452790,7343,1.0343384742736816,2.6844279746407365,127239,153758,0.023873948730884262,1.824232578277588,cuda:1,2.859360456466675
444.01,179034327,6459,0.760047197341919,13.201908378442607,134071,137027,0.00012027832987363546,1.6327545642852783,cuda:1,2.3935599327087402
4440.01,164786087,10262,1.5077502727508545,4.082305897834978,6279803,7037035,0.02746528018593013,85.31361532211304,cuda:1,86.9102737903595
4446.01,137899948,7598,1.1628239154815674,2.4554010395845904,124522,153757,0.12638058240416197,1.8445234298706055,cuda:1,3.0085606575012207
445.01,14091704,3508,0.4094052314758301,0.7651251260935846,11506,32528,0.000197328631974774,0.8917984962463379,cuda:1,1.3014824390411377
4455.01,138644215,7598,1.1037187576293945,1.5450629876331594,105762,153758,0.0017983612838430442,1.8443877696990967,cuda:1,2.949096441268921
4457.01,299220166,9545,1.3685383796691895,3.217637213722748,6044242,7037012,0.014729202119323713,82.26613211631775,cuda:1,83.71060276031494
4469.01,75262942,7257,1.0602531433105469,2.663407502478717,5745846,6955912,0.09063446741842895,72.08341383934021,cuda:1,73.19517707824707
4471.01,27318774,7256,1.081787109375,3.243261290521718,5983271,6955915,0.020398489887191718,72.12606310844421,cuda:1,73.28232932090759
4472.01,63211674,7598,1.0318365097045898,8.595554169256783,147267,153758,0.0006858663022110247,1.8439161777496338,cuda:1,2.876875400543213
4475.01,159098316,7598,1.0717101097106934,3.5782807812351063,134513,153757,0.006524591917967276,1.8443632125854492,cuda:1,2.9170010089874268
4476.01,399794420,11000,1.7492597103118896,1.5947881037927583,4912652,7037035,0.05296752376265837,88.24631786346436,cuda:1,90.07236003875732
4479.01,126606859,3666,0.5161914825439453,1.1586835218996017,20087,34636,0.0006286923307129276,0.5156028270721436,cuda:1,1.0325474739074707
4481.01,239332587,3666,0.46059560775756836,0.9263114997841427,16262,34636,5.820032078457608e-05,0.5149180889129639,cuda:1,0.975839376449585
4482.01,27990610,7256,1.062586784362793,2.816567473662344,5818061,6955916,0.04664076702322328,72.10881757736206,cuda:1,73.2236077785492
4487.01,193754373,3666,0.5115325450897217,3.95368542874405,30866,34636,0.002549008439719158,0.5157351493835449,cuda:1,1.0278923511505127
449.01,139528693,3426,0.4408583641052246,2.17461195290448,24820,31564,0.005517193732126216,0.7748451232910156,cuda:1,1.2160329818725586
4490.01,268924036,7256,1.1553738117218018,2.052356865408873,5350473,6955916,0.09673113556457232,72.1344542503357,cuda:1,73.34472823143005
4495.02,120826158,2334,0.2861509323120117,2.5661312860249135,29013,35329,4.067531082047243e-06,0.727466344833374,cuda:1,1.0142700672149658
450.01,77951245,6411,0.8085427284240723,10.715131438383061,128549,132595,0.02947766988295417,1.5493474006652832,cuda:1,2.3586649894714355
451.02,257605131,6145,0.6897282600402832,2.729978914529942,113891,137105,4.168271916718887e-05,1.6691431999206543,cuda:1,2.359938621520996
4511.02,333674399,5549,0.6733160018920898,10.97400605337265,122007,125702,6.30618280523375e-06,1.4481227397918701,cuda:1,2.1221542358398438
4514.01,436875934,8886,1.235602617263794,2.753514885170365,241040,289613,0.020705297667888523,3.4667725563049316,cuda:1,4.703811883926392
4515.01,456862677,5316,0.6709785461425781,15.266421178087587,122922,124967,0.003591865808913494,1.4783039093017578,cuda:1,2.1499745845794678
4517.01,301289516,2257,0.2844066619873047,1.2081660557188088,15955,26607,1.854859999649114e-05,0.7298526763916016,cuda:1,1.0145540237426758
452.01,139733308,3461,0.45894408226013184,4.763525280826578,29166,31916,0.003983212962219584,0.8196284770965576,cuda:1,1.2789170742034912
4525.01,36592530,1888,0.27132415771484375,2.483516941732023,20658,25268,0.0013602785716281078,0.4837796688079834,cuda:1,0.7554497718811035
4529.01,384888319,5338,0.6850202083587646,5.8795766514673815,116820,125551,4.6209206778216787e-05,1.533383846282959,cuda:1,2.2190968990325928
453.01,452808876,3475,0.42198920249938965,2.7054523196395213,26846,32258,0.0050947131288846675,0.8545229434967041,cuda:1,1.2768468856811523
4533.01,418761354,4920,0.6607604026794434,16.81786926761832,124595,126274,3.382355515033319e-05,1.4630379676818848,cuda:1,2.124528408050537
4534.01,437704321,1958,0.2713785171508789,2.8482254932039024,21727,25750,0.0002573523155060063,0.5327332019805908,cuda:1,0.8044049739837646
4535.01,26017005,8756,1.1778254508972168,4.098267233356149,258593,289618,0.017047264214715138,3.4361798763275146,cuda:1,4.61532735824585
4544.01,435339847,3420,0.47269153594970703,13.324402116315179,30931,31471,3.1262005627179203e-05,0.7655222415924072,cuda:1,1.2386209964752197
4549.01,9030119,2297,0.32964158058166504,3.3102589904837623,23165,26673,0.00013990144012509818,0.7544541358947754,cuda:1,1.0843901634216309
4551.01,204650483,3443,0.44646406173706055,9.935452155416922,28568,29437,2.0754087512612914e-05,0.6156957149505615,cuda:1,1.0624616146087646
4570.01,137402055,7598,1.2516021728515625,1.973670716124335,116750,153757,0.08697264836595714,1.8441331386566162,cuda:1,3.096571683883667
4581.01,273231214,6802,0.8744182586669922,22.149548141795037,142771,143635,0.00026090361515152124,1.6762032508850098,cuda:1,2.5514490604400635
4587.01,137683938,7598,1.1254792213439941,3.2904458041695155,132602,153757,0.010771660367403785,1.8447341918945312,cuda:1,2.9712014198303223
4588.01,48031665,6809,0.8437445163726807,0.5684301872720867,744858,6084203,7.583167331133893e-06,61.6109733581543,cuda:1,62.50284934043884
4593.01,399954349,6804,0.8533120155334473,0.998050823149019,3087631,6084224,0.00018083948310849914,61.560402154922485,cuda:1,62.48127198219299
4599.01,307809773,9487,1.0907316207885742,2.769567155493608,239513,287409,2.792085096074486e-05,3.537700653076172,cuda:1,4.630243301391602
4602.01,467651916,6269,0.7424416542053223,3.9806916391666656,110486,124252,1.400893483968219e-05,1.4616374969482422,cuda:1,2.2048065662384033
4603.01,437856897,9713,1.136955976486206,7.244957436405423,272067,287366,5.2943432805769554e-05,3.5721445083618164,cuda:1,4.710493326187134
4604.01,27039476,3265,0.413682222366333,0.5093610452947468,545,29015,4.81584049349047e-06,0.5195538997650146,cuda:1,0.9335682392120361
4618.01,284326455,9503,1.3102543354034424,3.8000047315929772,253794,287378,0.03200127032466938,3.5261237621307373,cuda:1,4.837695598602295
4621.01,293457754,5343,0.7592580318450928,4.519259184821497,113994,126040,0.012920559881401988,1.5737552642822266,cuda:1,2.3338534832000732
4623.01,56399553,6268,0.9099400043487549,3.2588800685395967,106971,124253,0.025203857369220862,1.4606492519378662,cuda:1,2.3714215755462646
4628.01,404421005,3028,0.41025495529174805,0.5347234148046791,1932,29111,0.0003649514805632019,0.4626176357269287,cuda:1,0.8732879161834717
4640.01,337216118,5778,0.7850611209869385,2.6855063200937095,104681,126487,2.849521296135591e-05,1.4565150737762451,cuda:1,2.2423017024993896
465.01,270380593,3009,0.4170083999633789,3.836559011191841,28540,32144,0.0008972711544005206,0.6195716857910156,cuda:1,1.0369234085083008
466.01,4616072,6195,0.9127261638641357,4.187704912453272,100648,112391,0.006357863080610405,1.338442087173462,cuda:1,2.2519733905792236
468.01,33521996,2954,0.43349337577819824,3.3261116346434774,20133,23123,0.034124088525695054,0.7097539901733398,cuda:1,1.1435306072235107
470.01,37770169,2952,0.37270379066467285,12.20168674562899,22723,23122,7.924607198369352e-05,0.7088334560394287,cuda:1,1.0818657875061035
4734.01,97714451,2941,0.4242715835571289,6.239405720569637,25327,26917,0.00033686109998928875,1.0199940204620361,cuda:1,1.4446439743041992
477.01,170102285,2950,0.38500213623046875,2.9445655166290186,19671,23123,0.014043700524605685,0.7083444595336914,cuda:1,1.0936241149902344
478.01,172464366,6230,0.7712345123291016,2.9214621235202243,94733,112390,0.02707781534824874,1.3526360988616943,cuda:1,2.1245741844177246
479.01,306362738,2961,0.3725316524505615,2.781658185105641,19436,23123,0.004231742804253194,0.7114458084106445,cuda:1,1.0842480659484863
4860.01,335590096,3442,0.5065531730651855,1.522600112506116,20187,29413,0.11777813714147697,0.6139528751373291,cuda:1,1.1208131313323975
489.01,455096220,3282,0.4567999839782715,3.6473226789835067,25793,29248,0.0037241231168208913,0.5409352779388428,cuda:1,0.9980132579803467
490.01,455135327,3265,0.40514278411865234,2.809981093536967,24572,29248,0.0032517312618317498,0.533428430557251,cuda:1,0.9388823509216309
4916.01,454069765,3633,0.4630284309387207,4.117408673557966,29410,32795,0.0010564105808916408,0.9720265865325928,cuda:1,1.4353585243225098
4930.01,307221757,3787,0.49804186820983887,6.786642246808768,33551,35512,0.0002362845325715474,0.5685272216796875,cuda:1,1.0669872760772705
496.01,88977253,3282,0.4416518211364746,2.7682772755739444,24492,29248,0.008967011399999837,0.5406694412231445,cuda:1,0.9826271533966064
4994.01,277128619,6241,0.8411421775817871,21.47759631290818,142039,143002,0.00035363615208328883,1.644212007522583,cuda:1,2.486440420150757
5005.01,282485660,3605,0.4682495594024658,6.3121299666664585,30293,32225,0.0003402993013116582,0.9089183807373047,cuda:1,1.3774211406707764
501.01,134537478,3282,0.4277770519256592,1.7097286482614094,21149,29248,0.0058636464317857705,0.5404696464538574,cuda:1,0.9686260223388672
5027.01,361711730,2786,0.38747739791870117,10.240424516988867,27441,28218,0.0006065012884126026,1.0823581218719482,cuda:1,1.4701886177062988
504.01,219164808,6771,0.8689396381378174,1.6774242343851395,214050,299866,0.0009256052344060316,3.2944247722625732,cuda:1,4.164883613586426
5067.01,117275513,9498,1.224651575088501,4.688973193663252,274078,301680,0.0001712182575467604,3.697180986404419,cuda:1,4.923975229263306
5072.01,7059054,9485,1.2294402122497559,5.186056460807054,276771,301198,0.00732623344831016,3.680938720703125,cuda:1,4.911895751953125
508.01,425206121,3209,0.3858489990234375,4.61310745914367,26154,28697,0.003923160378815083,0.4818572998046875,cuda:1,0.867948055267334
5083.01,5882269,9709,1.2938282489776611,4.795033512461273,261760,287363,0.00029869544642232616,3.5716640949249268,cuda:1,4.866756916046143
5086.01,178217113,9499,1.3055939674377441,2.995452820755348,255446,301519,0.0053121688031086065,3.7037856578826904,cuda:1,5.010861158370972
509.01,453211454,3274,0.4181065559387207,9.058987316702407,28229,29236,9.882696632230828e-06,0.5374419689178467,cuda:1,0.9558377265930176
5093.01,63189173,6372,0.9057059288024902,2.29836726834108,239494,300980,0.07319863658564042,3.2819161415100098,cuda:1,4.1890599727630615
5094.01,19028197,9382,1.2054128646850586,3.3366873256422473,260031,300768,0.0037001287203103856,3.657231092453003,cuda:1,4.8641815185546875
5095.01,434226736,3138,0.43727684020996094,1.8820635050812855,21589,28762,0.003856726359736523,0.46668362617492676,cuda:1,0.9042863845825195
5097.01,203214081,9581,1.2313497066497803,5.746600293457152,280160,301746,0.0004306014538960756,3.7046196460723877,cuda:1,4.937500476837158
511.01,440777904,3212,0.42858004570007324,3.354091455951829,24976,28715,0.006723788086548225,0.4836885929107666,cuda:1,0.9126074314117432
5111.01,203289099,9629,1.246140480041504,3.3546089189643435,261118,301741,6.970960204815515e-05,3.7163188457489014,cuda:1,4.9638261795043945
512.01,119292328,6101,0.7156331539154053,7.192123338957651,106348,112390,2.976822002583482e-06,1.3677468299865723,cuda:1,2.084095001220703
5123.02,332022997,9111,1.1328661441802979,13.229448953198807,295261,301745,0.00018972812295641822,3.6363677978515625,cuda:1,4.7708899974823
5138.01,38087018,6586,1.0387742519378662,1.7293747905319723,96772,133862,0.043032153769509515,1.6657946109771729,cuda:1,2.7053606510162354
514.01,366576758,3282,0.4831523895263672,11.400787121650183,28580,29248,0.0032192238510481063,0.5401403903961182,cuda:1,1.023568868637085
5143.01,281837575,6112,0.7704136371612549,5.210275547831923,123008,133799,0.002365791939624982,1.5474495887756348,cuda:1,2.318739175796509
5146.01,173103335,6638,0.8240683078765869,10.058250471754482,129363,133862,4.605949438847314e-05,1.5809590816497803,cuda:1,2.405773878097534
5155.01,388811663,5362,0.7287209033966064,17.201378799834767,124525,126116,7.35985737412647e-05,1.6050379276275635,cuda:1,2.334583282470703
5160.01,4165850,3344,0.4264693260192871,8.568906204313539,32598,33927,4.672569004994721e-06,0.9356410503387451,cuda:1,1.3624117374420166
5162.01,60286662,9490,1.3175227642059326,8.562258205408833,288415,301198,0.000818065421803041,3.682495355606079,cuda:1,5.001577138900757
5168.01,363548415,6639,0.9160609245300293,26.428910194789545,133530,133838,0.0010324671683648958,1.581200122833252,cuda:1,2.4980857372283936
5170.01,330690135,9582,1.2692358493804932,14.755903796566063,296410,301694,0.00018706031938776934,3.710190534591675,cuda:1,4.980945110321045
519.01,218795833,3273,0.508716344833374,1.2651607639935745,18078,29249,0.5135820506080807,0.53743577003479,cuda:1,1.0465116500854492
5218.01,259172249,12749,1.8263978958129883,4.291489101031774,832988,927125,0.03182993592139718,12.725912094116211,cuda:1,14.556829929351807
529.01,438490744,2979,0.4288015365600586,1.6654918697222436,16581,23122,0.20744658097046417,0.7163493633270264,cuda:1,1.145423412322998
5293.01,250111245,2819,0.4345121383666992,2.9297613054169362,24147,28482,0.06803952747875389,0.9754748344421387,cuda:1,1.410252332687378
5300.01,267215820,2788,0.40958309173583984,2.2628783256684954,22412,28138,0.015225373741196872,1.0786728858947754,cuda:1,1.48856782913208
535.01,280210963,2973,0.4942057132720947,2.82788862308565,19505,23123,0.026924869892269748,0.7159385681152344,cuda:1,1.2104511260986328
537.01,234112540,2973,0.42197227478027344,4.03590847734421,20759,23123,0.00467991363159097,0.7163951396942139,cuda:1,1.1386256217956543
5380.01,441587756,4955,0.6054129600524902,0.7326607239589505,2212450,6851002,2.8991901024599502e-05,61.911022424697876,cuda:1,62.567955493927
540.01,200322593,9341,1.187598466873169,0.7270849362539894,97801,307923,0.01230600443189136,3.7689361572265625,cuda:1,4.958959102630615
544.01,50618703,2966,0.35602569580078125,1.548577778876822,16043,23121,2.4766714753426458e-05,0.713951587677002,cuda:1,1.070223331451416
546.01,36440357,2973,0.4063301086425781,9.201510211761674,22407,23123,0.002793074262952755,0.7158055305480957,cuda:1,1.122377634048462
548.01,42821097,2973,0.4059021472930908,3.8982038742767005,20655,23122,0.0019755794162443557,0.7151696681976318,cuda:1,1.1213233470916748
5489.02,468983280,3165,0.42897653579711914,9.832535353680129,28371,29249,2.3913464935733294e-05,0.4987812042236328,cuda:1,0.928048849105835
5515.01,55275863,9557,1.2126717567443848,8.592746788418193,289000,301742,3.518718807570297e-05,3.720404863357544,cuda:1,4.93510365486145
552.01,44737596,6412,0.9398095607757568,2.788286453391216,114182,136813,0.03824303472158778,1.7100000381469727,cuda:1,2.651160717010498
5523.02,443616612,9687,1.4487059116363525,3.4711416276654186,3765268,4325594,0.003337633129013606,51.03637099266052,cuda:1,52.529651403427124
5524.01,277833995,2609,0.3664376735687256,0.5753374776612048,3793,28334,5.872763033995481e-05,1.024888277053833,cuda:1,1.3919439315795898
5528.01,458686847,13030,1.7264280319213867,1.2916029806952734,3746274,6010658,0.0003965982518433695,82.52735877037048,cuda:1,84.32694387435913
554.01,407966340,3367,0.37775087356567383,7.047000022582451,30487,32142,1.5976413233502448e-06,0.7951784133911133,cuda:1,1.1736607551574707
555.01,170849515,3461,0.5044443607330322,1.9414624159908713,24272,32019,0.05457591954589368,0.8276381492614746,cuda:1,1.332364559173584
5558.01,14570099,9500,1.208827257156372,26.20020399891767,300776,301518,2.2859991164559654e-05,3.690481662750244,cuda:1,4.900867223739624
5559.01,456945304,6305,0.8208744525909424,29.22392974779141,124197,124254,0.0017867666752906883,1.4819324016571045,cuda:1,2.3035922050476074
558.01,207110080,6328,0.8083193302154541,14.57308050665595,139021,141562,0.0003342013678050916,1.6264705657958984,cuda:1,2.4356114864349365
5592.01,88529975,2510,0.3497202396392822,2.6075971201688604,21572,26083,0.0012650471138403942,0.797494649887085,cuda:1,1.1475214958190918
560.02,101011575,2568,0.31371617317199707,16.71349469762353,28119,28354,3.3204987506028513e-06,1.012125015258789,cuda:1,1.3261194229125977
561.01,377064495,2018,0.20667481422424316,10.771894841652982,27811,28530,1.0806494755300208e-05,0.7544054985046387,cuda:1,0.9613275527954102
562.01,413248763,2628,0.37180614471435547,3.931188487879913,25488,28567,1.4518773498539178e-05,1.0554523468017578,cuda:1,1.4274895191192627
5624.02,53498154,2888,0.3683006763458252,0.6200949071555729,6321,31966,3.069934733007696e-05,0.5518579483032227,cuda:1,0.9205167293548584
5624.04,53498154,2826,0.33385491371154785,0.6200949071555729,6321,31966,4.4360320845205434e-05,0.5290615558624268,cuda:1,0.8632807731628418
565.01,1103432,2591,0.3720741271972656,3.7291923162439122,24781,27989,0.006872483328995653,0.9901883602142334,cuda:1,1.3625812530517578
5675.01,181949561,1609,0.20825624465942383,4.054523494098782,26475,29553,0.008461052816054946,0.5868523120880127,cuda:1,0.7954013347625732
5676.01,311133118,3675,0.4459972381591797,3.506286422175196,117069,134265,0.004069635668148714,1.4853007793426514,cuda:1,1.932265043258667
571.01,270468559,2598,0.3614048957824707,4.642220271975949,25611,28073,0.0015655370957123507,0.999981164932251,cuda:1,1.3617117404937744
5716.01,298074836,17267,2.3370895385742188,0.6661251078465396,737147,2906535,0.000180656956848386,47.186009645462036,cuda:1,49.54445290565491
5726.01,71582156,6328,0.7273271083831787,0.5050887817542912,18690,1824165,1.6159376036299588e-05,18.092751502990723,cuda:1,18.834928512573242
5728.01,219875976,39353,5.210088729858398,0.5671029473218993,732121,6084207,0.00011384830559791631,178.87370657920837,cuda:1,184.15110659599304
573.01,296780789,2612,0.34891676902770996,6.786394501067514,26878,28383,0.09303166940888788,1.0331194400787354,cuda:1,1.3828284740447998
5736.01,310380289,2942,0.392986536026001,0.6479536221815475,6237,26700,3.67323544564166e-05,1.0010004043579102,cuda:1,1.394266128540039
576.01,408310006,2628,0.3361327648162842,5.44569242661872,26521,28567,0.000235882746909038,1.0556719303131104,cuda:1,1.3920891284942627
5793.01,398895470,1825,0.2291104793548584,2.6930346701962797,28006,33702,0.006984768349050884,1.048233985900879,cuda:1,1.277674674987793
5796.01,391958006,1883,0.2509477138519287,1.7431778615106657,24521,33694,0.030216895372762814,1.0972890853881836,cuda:1,1.3485524654388428
5798.01,305243225,7262,0.9938960075378418,1.212903482804004,86844,145291,0.04137563749137003,1.7180571556091309,cuda:1,2.7127373218536377
5799.01,328081248,3591,0.46382904052734375,4.1647381631211635,30263,33703,0.00011769687793283509,0.7767469882965088,cuda:1,1.240950584411621
5802.01,399402994,1787,0.2734055519104004,2.7157414869500704,28060,33703,0.007699519333067322,1.0189719200134277,cuda:1,1.292814016342163
5806.01,283621618,3926,0.49126458168029785,3.1858859067141645,32752,38117,0.0004306110550939476,0.8350496292114258,cuda:1,1.3266916275024414
5817.01,418604868,3779,0.438295841217041,15.608592457041041,35698,36166,3.380867809370673e-06,0.6082746982574463,cuda:1,1.0469143390655518
5820.01,459730973,2625,0.6875412464141846,3.9143342303681385,32169,36166,0.001252384994506715,0.6857035160064697,cuda:1,1.3736119270324707
5822.01,466390120,2345,0.31772828102111816,1.5489694589866976,24975,36166,0.005596904547557909,0.6132497787475586,cuda:1,0.9313502311706543
5824.01,272366748,3666,0.5684616565704346,3.856758659915905,30753,34635,0.014284497623090572,0.515923023223877,cuda:1,1.0848066806793213
5963.01,436478932,3336,0.43462395668029785,4.321629315329499,34356,38118,0.006170763928038947,0.5710625648498535,cuda:1,1.0061235427856445
5972.01,420814525,3763,0.4655017852783203,3.5248314118901303,33340,38118,0.012472360178677937,0.7447826862335205,cuda:1,1.2106740474700928
5988.01,377780790,3592,0.4392828941345215,0.554313769426072,3531,35331,9.331671197358153e-06,0.5275812149047852,cuda:1,0.9671671390533447
5992.01,159054620,10199,1.5301353931427002,0.5199901287910891,275111,7037012,0.009771989847222527,85.09329390525818,cuda:1,86.69746971130371
5994.01,63283780,7598,1.0727710723876953,7.971491109858014,146555,153758,0.00044619131424470016,1.8447740077972412,cuda:1,2.918767213821411
5995.01,352011875,7150,0.9859988689422607,0.5150736293158931,181072,6084202,8.379532035503408e-05,62.70181441307068,cuda:1,63.75292730331421
6001.01,139104940,7256,1.0779571533203125,0.5005665314759002,8006,6955914,0.015808368531727342,72.08245992660522,cuda:1,73.23567819595337
6003.01,121731834,3730,0.5004181861877441,0.8169525002176953,13981,35331,8.050682122895687e-06,0.540656566619873,cuda:1,1.0417530536651611
6005.01,123357864,6416,0.7811081409454346,0.5907173751840786,950197,6084204,2.9976312068446048e-05,60.06295037269592,cuda:1,60.907936573028564
6008.01,286201103,6012,0.8192110061645508,20.201486430752833,125414,126455,0.00023030056749474454,1.6327300071716309,cuda:1,2.4530675411224365
6014.01,57984377,3602,0.46459150314331055,2.520905227363867,33145,40590,0.010875078035203668,0.8511974811553955,cuda:1,1.3161911964416504
6016.01,327369524,7305,0.9729969501495361,4.0239403507877025,140709,157997,0.005229172371355866,1.9250998497009277,cuda:1,2.899026870727539
6019.01,125520907,3603,0.4862701892852783,14.549664023322256,39924,40589,0.00018097431853971604,0.8501029014587402,cuda:1,1.336745023727417
6029.01,419523962,3720,0.5066626071929932,5.805459883181831,33757,36224,0.0004148238861983119,0.5862369537353516,cuda:1,1.0932397842407227
603.01,262746281,9318,1.1411521434783936,16.179500637931362,5049629,5123812,0.00017068407905907813,59.24861669540405,cuda:1,60.443583250045776
6038.01,194736418,2913,0.37116122245788574,5.825008250599044,24750,26463,6.307021782230048e-05,0.9722354412078857,cuda:1,1.3440628051757812
6049.01,353459965,3023,0.3977975845336914,10.858514791897523,27888,28599,0.0026947144572593584,0.45421743392944336,cuda:1,0.8522920608520508
6054.01,392681545,3102,0.35704827308654785,7.493271245392956,28999,30417,1.6006265629615598e-06,0.5451779365539551,cuda:1,0.902543306350708
6072.01,147797743,5742,0.746692419052124,3.691537409174416,6291499,7155867,0.016271926082493546,67.80262899398804,cuda:1,68.62625432014465
6080.01,116048097,10725,1.379441738128662,8.055903786778769,6712105,7036998,3.7651008957189756e-05,87.01769423484802,cuda:1,88.47553563117981
6081.01,271431851,7598,1.1437385082244873,0.6688344601846536,39471,153759,0.0032429553686256865,1.846283197402954,cuda:1,2.9915261268615723
6086.01,18318288,6309,0.8513054847717285,0.5084145287411255,2194,130355,0.00019953656341464656,1.5393640995025635,cuda:1,2.391404390335083
6101.01,19342878,3134,0.4473280906677246,1.3332530457047458,17862,27952,0.02294356321692107,0.4396510124206543,cuda:1,0.8872754573822021
615.01,190496853,2758,0.3560624122619629,4.660897292608174,26264,28783,0.004563184212287436,1.127840518951416,cuda:1,1.484187126159668
622.01,83092282,5942,0.782818078994751,6.402921735775072,119078,127013,0.0008679687978850591,1.5967881679534912,cuda:1,2.3805181980133057
624.01,399870368,3462,0.43152546882629395,2.7444861058746075,27463,32900,0.005876761857301332,0.9033772945404053,cuda:1,1.3352808952331543
6269.01,168281028,3193,0.4516720771789551,4.373354568334435,26262,29012,0.00039295251990767286,0.4948577880859375,cuda:1,0.9468402862548828
6275.01,49043968,3708,0.4866056442260742,6.242780513870384,32366,34487,0.0063773133807836216,0.5109095573425293,cuda:1,0.9978373050689697
6276.02,397362481,7214,0.7704696655273438,4.466275314586492,127845,141563,1.8321421506547334e-06,1.6866905689239502,cuda:1,2.4579436779022217
640.01,147977348,6883,0.8667738437652588,5.003565797057946,123222,134622,0.0024575137889584807,1.6164171695709229,cuda:1,2.483985185623169
652.01,22221375,3212,0.373706579208374,3.986953645366344,25684,28730,3.965146576562603e-06,0.4838676452636719,cuda:1,0.8578863143920898
6546.01,9385460,3481,0.4618265628814697,3.377978986809366,26179,30076,0.0026070826632708364,0.6797466278076172,cuda:1,1.1418201923370361
6551.01,166527623,2705,0.30043506622314453,0.7084278606056048,8230,27352,0.029802482130784274,0.9793062210083008,cuda:1,1.2800428867340088
6564.01,453668803,3173,0.4242672920227051,3.9846454140323937,27651,30958,0.0046166854055604166,0.6110527515411377,cuda:1,1.0356345176696777
661.01,53735810,3169,0.40593528747558594,4.087939663360454,25480,28398,0.001838813003855602,0.4578859806060791,cuda:1,0.8640866279602051
663.02,54962195,2683,0.3531804084777832,4.6982619709029825,24193,26463,6.0248372842278776e-05,0.8950169086456299,cuda:1,1.2485928535461426
664.01,55092869,3168,0.3768315315246582,4.7457924684166155,25958,28382,0.00034495699239386126,0.456876277923584,cuda:1,0.8340244293212891
668.01,102195674,3141,0.41760993003845215,4.379947141178615,25699,28378,0.026327606969539234,0.4517636299133301,cuda:1,0.8696601390838623
6686.01,269217040,2831,0.34781765937805176,4.16522698231279,25561,28415,0.00898641196638001,0.9148135185241699,cuda:1,1.2629272937774658
6707.01,287328202,21268,2.745483160018921,3.834908715403472,2545493,2878352,0.00032024181853276655,53.45986890792847,cuda:1,56.225552797317505
671.01,151681127,3186,0.40379834175109863,10.19315907990812,27735,28531,0.004579127527620295,0.46745824813842773,cuda:1,0.871577262878418
6719.01,92449173,3031,0.3982975482940674,2.1762214992942615,23065,29302,0.004314826426342771,0.46773862838745117,cuda:1,0.8663246631622314
672.01,151825527,5919,0.8109655380249023,3.632794900293143,113493,129414,0.0028317568380598753,1.5258338451385498,cuda:1,2.3375444412231445
675.01,169226822,3165,0.40086793899536133,4.1783089363632575,25544,28383,0.0051253987471962074,0.45596957206726074,cuda:1,0.8571515083312988
677.01,280206394,6602,0.7970383167266846,11.236091112253554,128152,131886,0.0016139925746807618,1.6136870384216309,cuda:1,2.411569833755493
679.01,308050066,3110,0.4194796085357666,11.18449406359388,27445,28100,0.001294116537695627,0.4420890808105469,cuda:1,0.8618948459625244
683.01,437248515,3154,0.4217686653137207,3.4057684466944558,24809,28444,0.006802238401829732,0.4553415775299072,cuda:1,0.8774635791778564
6834.01,49735922,1869,0.2528076171875,0.5773792046775988,3464,25250,5.5634092898937074e-05,0.47826051712036133,cuda:1,0.7313418388366699
685.01,281731203,3165,0.393540620803833,11.640975589930939,27770,28383,0.00016948710255169873,0.45604753494262695,cuda:1,0.8498513698577881
6872.01,150096001,6290,0.844149112701416,0.5399862696272852,9357,124255,0.0001676878521885014,1.4731924533843994,cuda:1,2.318155288696289
696.02,77156829,5644,0.6243278980255127,23.075809978982516,136250,136947,1.8736918655176643e-05,1.5523052215576172,cuda:1,2.1775097846984863
6965.01,80224448,6249,0.7059140205383301,5.9686178829127154,116291,124809,6.21147049719056e-07,1.467994213104248,cuda:1,2.1747515201568604
697.01,77253676,6527,0.822157621383667,13.215396418139852,134317,137273,6.539557159253386e-06,1.592961311340332,cuda:1,2.4159138202667236
6977.01,436575927,6344,0.8147354125976562,0.508204664241602,2040,124255,2.95363971605369e-05,1.5154988765716553,cuda:1,2.330962657928467
700.01,150428135,32996,4.021949052810669,16.05117015220386,6175311,6267629,0.00019750792485489306,159.68504762649536,cuda:1,163.77503728866577
700.04,150428135,33029,4.0616841316223145,0.6433637653919861,1420444,6268190,1.989896333732699e-05,159.7680892944336,cuda:1,163.89753127098083
704.01,260004324,37523,4.6954662799835205,3.8143427193820396,5538861,6268211,3.941132867295357e-05,177.16033959388733,cuda:1,181.92403030395508
7041.01,201175570,5685,0.6965188980102539,0.5394272718993766,9601,129169,9.289468765504031e-06,1.4773032665252686,cuda:1,2.175043821334839
715.01,271971130,40861,5.822733163833618,19.288033219880035,6209190,6268194,0.0014352181494016337,190.2148814201355,cuda:1,196.10912823677063
7165.01,239277658,7256,1.083132028579712,0.5081426380649986,113353,6955916,0.003617104320947024,72.08184432983398,cuda:1,73.24166893959045
730.01,11561667,3063,0.5154321193695068,3.0881423505679475,23758,27722,0.036003327947854206,0.45522165298461914,cuda:1,0.9714710712432861
732.02,36724087,2734,0.32015252113342285,12.249484641278803,27542,28084,4.555130735760965e-05,1.0534436702728271,cuda:1,1.3739337921142578
7333.01,160585062,18050,2.3861401081085205,0.6384418865340008,1341681,6084207,7.728414302519286e-05,101.41095447540283,cuda:1,103.8628876209259
736.01,181804752,2845,0.3832557201385498,4.989285018462087,26165,28446,0.0029857650432831215,0.7779779434204102,cuda:1,1.1619887351989746
737.01,219189765,3105,0.46622180938720703,1.731445631772354,20612,28348,0.0513207782880384,0.44808459281921387,cuda:1,0.9146277904510498
7461.01,271052158,2939,0.3928699493408203,0.5002656004665764,18,33219,0.00024792790774303357,0.658872127532959,cuda:1,1.0521023273468018
7463.01,274198407,7256,1.004652976989746,0.6132175988953065,1306029,6955916,0.0004682810021131299,72.07165455818176,cuda:1,73.149498462677
7487.01,301258470,1868,0.2553560733795166,6.475284895138324,23802,25197,0.0006403923369240254,0.4768044948577881,cuda:1,0.7327935695648193
7490.01,250977648,1935,0.2670016288757324,0.5237505588709654,1195,25749,9.037874501696614e-06,0.522228479385376,cuda:1,0.7895872592926025
751.01,14661418,2726,0.4028615951538086,4.7228744620687255,24380,26653,0.008325471553501817,0.9262747764587402,cuda:1,1.3294398784637451
7511.01,146364192,4890,0.6139888763427734,0.534784803248901,474953,7180273,1.0714030535580918e-05,64.60850787162781,cuda:1,65.29958581924438
7513.01,56815340,3228,0.37835049629211426,9.554553046741969,30379,31391,2.8380121001695777e-06,0.6702790260314941,cuda:1,1.0494179725646973
755.01,73228647,3061,0.3877372741699219,2.540441364242518,24239,29533,7.043620667106456e-06,0.48293447494506836,cuda:1,0.871049165725708
756.01,73649615,5835,0.7800495624542236,1.2393566794802824,82253,135581,0.0006799799380816494,1.6374754905700684,cuda:1,2.4184069633483887
762.01,178709444,2768,0.4013538360595703,3.472013597685835,23721,27093,0.01182081846017706,0.9784955978393555,cuda:1,1.3801796436309814
763.02,178819686,2949,0.34509730339050293,12.25993496282174,28948,29533,1.2431206734392033e-05,0.4676215648651123,cuda:1,0.8130214214324951
766.01,219698950,2882,0.385570764541626,3.446127064415305,24349,27854,0.0072772359144932615,0.9523165225982666,cuda:1,1.3382227420806885
768.01,229811538,2986,0.40378594398498535,11.529280549668076,28219,28860,0.011446331082666418,0.45920300483703613,cuda:1,0.863318681716919
773.01,286865921,2966,0.3896365165710449,4.9697907257633895,26413,28731,0.0037519635197885296,0.46785426139831543,cuda:1,0.8577795028686523
776.01,306996324,2971,0.3436715602874756,15.670096124537045,29025,29338,1.8306153678798847e-05,0.4644904136657715,cuda:1,0.8084306716918945
778.01,335630746,3028,0.35724592208862305,4.63192943493597,26540,29111,0.001567137630570238,0.46118855476379395,cuda:1,0.8187358379364014
781.01,413376180,2858,0.3953559398651123,1.354140934877459,17870,27705,0.02420290299149535,1.062807321548462,cuda:1,1.4584054946899414
784.01,460984940,6749,0.8106627464294434,2.7962224159317426,117880,141157,1.4541664553421436e-05,1.725362777709961,cuda:1,2.536792755126953
7901.01,237158650,11000,1.510690689086914,4.146952646618616,6293466,7037034,0.0006415997549553358,88.20441937446594,cuda:1,89.78936314582825
799.01,255685030,15114,1.8027880191802979,5.544455975933673,2097931,2267445,1.9080663859588585e-05,34.02936601638794,cuda:1,35.84434986114502
808.01,30122649,5871,0.7222995758056641,28.481483552316266,126275,126390,1.4961025417363589e-05,1.4839377403259277,cuda:1,2.206939935684204
815.01,102840239,3045,0.3910520076751709,11.190766043061407,27003,27641,2.2669820803205225e-05,0.47074389457702637,cuda:1,0.8620691299438477
820.01,111991770,2216,0.28613758087158203,3.75192936111936,21038,23694,0.002660436932229954,0.5085577964782715,cuda:1,0.7950010299682617
822.02,127530399,2705,0.33492112159729004,1.0121555008931877,14515,28056,3.0181222306800018e-05,1.0399518013000488,cuda:1,1.3751554489135742
824.01,193641523,6896,0.8444206714630127,1.3930534589251196,93873,143991,0.0002309090163066035,1.7585458755493164,cuda:1,2.60370135307312
826.01,243200602,2898,0.3643760681152344,11.558808345368652,28616,29267,0.0016101994234062748,0.48317480087280273,cuda:1,0.8478789329528809
827.01,270507305,9630,1.240539789199829,1.2282037988597294,201198,333690,0.0065612490935533655,4.086743116378784,cuda:1,5.32891058921814
830.01,281924357,8885,1.1199719905853271,15.040301673740949,323847,329401,0.0019281536851463409,3.9235711097717285,cuda:1,5.045217037200928
834.01,404340025,2754,0.3591434955596924,2.6756932116990075,23111,27796,0.010042672765271123,1.0335826873779297,cuda:1,1.3930373191833496
836.02,440887364,2786,0.3545815944671631,14.285570085892118,28617,29015,2.646460624246239e-05,0.8200805187225342,cuda:1,1.1750011444091797
837.01,460205581,6388,0.7641375064849854,1.506944315658152,94368,138874,0.001161801256918619,1.6271309852600098,cuda:1,2.3921403884887695
858.01,198008005,9621,1.263824224472046,3.279829913034552,282869,328186,0.01773058846124836,4.045853853225708,cuda:1,5.311144590377808
880.01,34077285,3196,0.39983081817626953,6.388776369836184,30757,32690,0.0002535653643712277,0.7532098293304443,cuda:1,1.153334379196167
892.01,66561343,3494,0.4599320888519287,10.629171957234608,31798,32689,0.0009422488513801789,0.9008975028991699,cuda:1,1.3610703945159912
904.01,261257684,6293,0.8388404846191406,10.883361365667822,127964,131892,8.072619057507037e-05,1.6048226356506348,cuda:1,2.4444420337677
909.01,364107753,2904,0.34656643867492676,3.902716290851722,25900,29065,3.1491410347284763e-06,0.4903690814971924,cuda:1,0.8373191356658936
912.01,406941612,7287,0.9746005535125732,4.678782801154616,135091,148735,0.00014983712893123672,1.8121728897094727,cuda:1,2.7877373695373535
929.01,175532955,6738,0.9021530151367188,5.829192933519537,133564,143661,7.155380166449597e-05,1.6893293857574463,cuda:1,2.5923120975494385
941.01,408137826,3415,0.460538387298584,8.517151426329194,31055,32317,0.0002089107803262402,0.8315684795379639,cuda:1,1.2924606800079346
954.01,44792534,3269,0.4024472236633301,3.6836390388298947,27932,31651,0.00026585680890046925,0.7075812816619873,cuda:1,1.1103405952453613
