key,id_type,id,topic
Ricker2015,doi,10.1117/1.JATIS.1.1.014003,mission
Jenkins2002,doi,10.1086/341136,search
Jenkins2010,doi,10.1117/12.856764,search
Jenkins2016,doi,10.1117/12.2233418,search
Twicken2018,doi,10.1088/1538-3873/aab694,vetting
Li2019,doi,10.1088/1538-3873/aaf44d,vetting
Huang2020a,doi,10.3847/2515-5172/abca2e,search
Huang2020b,doi,10.3847/2515-5172/abca2d,search
Kunimoto2021,doi,10.3847/2515-5172/ac2ef0,search
Kunimoto2022,doi,10.3847/2515-5172/aca158,search
Kunimoto2023qlp,arxiv,2302.01293,search
Kovacs2002,doi,10.1051/0004-6361:20020802,search
Hippke2019tls,doi,10.1051/0004-6361/201834672,search
Hippke2019wotan,doi,10.3847/1538-3881/ab3984,detrending
Ivashtenko2025,doi,10.3847/1538-3881/adfc50,search
Robnik2026,doi,10.1093/mnras/stag419,search
DevoraPajares2024,doi,10.1093/mnras/stae1740,search
Coughlin2014,doi,10.1088/0004-6256/147/5/119,vetting
Coughlin2016,doi,10.3847/0067-0049/224/1/12,vetting
Thompson2018,doi,10.3847/1538-4365/aab4f9,vetting
Kunimoto2025leo,doi,10.3847/1538-3881/ae070a,vetting
Valizadegan2022,doi,10.3847/1538-4357/ac4399,vetting
Valizadegan2025,doi,10.3847/1538-3881/ae03a4,vetting
Martinho2026,arxiv,2601.14877,vetting
Shallue2018,doi,10.3847/1538-3881/aa9e09,vetting
Yu2019,doi,10.3847/1538-3881/ab21d6,vetting
Tey2023,doi,10.3847/1538-3881/acad85,vetting
Hadjigeorghiou2025,arxiv,2509.17645,vetting
Fiscale2025,doi,10.3847/1538-3881/addf4d,vetting
DevoraPajares2025,arxiv,2511.08768,vetting
Giacalone2021,doi,10.3847/1538-3881/abc6af,vetting
Kostov2019,doi,10.3847/1538-3881/ab0110,vetting
Bryson2013,doi,10.1086/671767,vetting
Bryson2025,doi,10.3847/2515-5172/adcb3a,vetting
Tschudi2026a,doi,10.1051/0004-6361/202659754,alias
Tschudi2026b,arxiv,2607.23781,alias
Cooke2019,doi,10.1051/0004-6361/201936703,alias
Cooke2021,doi,10.1093/mnras/staa3569,alias
Hawthorn2024,doi,10.1093/mnras/stad3783,alias
Osborn2022,doi,10.1051/0004-6361/202243065,alias
Garai2023,doi,10.1051/0004-6361/202345943,alias
Becker2019,doi,10.3847/1538-3881/aaf0a2,alias
Bass2025,doi,10.3847/1538-3881/adcac6,alias
Dragomir2020,doi,10.3847/1538-3881/ab845d,alias
Prsa2022,doi,10.3847/1538-4365/ac324a,alias
Boyle2026,arxiv,2603.05586,alias
Guerrero2021,doi,10.3847/1538-4365/abefe1,catalog
Stassun2019,doi,10.3847/1538-3881/ab3467,catalog
GaiaDR3,doi,10.1051/0004-6361/202243940,catalog
Seager2003,doi,10.1086/346105,density
Kipping2010,doi,10.1111/j.1365-2966.2010.16894.x,density
Kipping2014,doi,10.1093/mnras/stu318,density
Dawson2012,doi,10.1088/0004-637X/756/2/122,density
Kreidberg2015,doi,10.1086/683602,modeling
Claret2017,doi,10.1051/0004-6361/201629705,modeling
Kipping2013ld,doi,10.1093/mnras/stt1435,modeling
Christiansen2013,doi,10.1088/0067-0049/207/2/35,injection
Astropy2022,doi,10.3847/1538-4357/ac7c74,software
McNemar1947,doi,10.1007/BF02295996,stats
Wilson1927,doi,10.1080/01621459.1927.10502953,stats
Guo2017,arxiv,1706.04599,stats
Zadrozny2002,doi,10.1145/775047.775151,stats
Chow1970,doi,10.1109/TIT.1970.1054406,stats
Friedman2001,doi,10.1214/aos/1013203451,stats
TESSdataDOI,doi,10.17909/T9-NMC8-F686,data
Lafarga2026,doi,10.1093/mnras/stag512,alias
Javed2026,arxiv,2608.01101,density
Lissauer2024,doi,10.3847/PSJ/ad0e6e,alias
Kostov2025,doi,10.3847/1538-4365/ade2d8,catalog
Carter2008,doi,10.1086/592321,resolver
Pont2006,doi,10.1111/j.1365-2966.2006.11012.x,resolver
Kipping2013ecc,doi,10.1093/mnrasl/slt075,resolver
Winn2010,arxiv,1001.2010,resolver
Pedregosa2011,arxiv,1201.0490,resolver
Guo2017,arxiv,1706.04599,resolver
